2020-01-23,2020-01-24,2020-01-25,2020-01-26,2020-01-27,2020-01-28,2020-01-29,2020-01-30,2020-01-31,2020-02-01,2020-02-02,2020-02-03,2020-02-04,2020-02-05,2020-02-06,2020-02-07,2020-02-08,2020-02-09,2020-02-10,2020-02-11,2020-02-12,2020-02-13,2020-02-14,2020-02-15,2020-02-16,2020-02-17,2020-02-18,2020-02-19,2020-02-20,2020-02-21,2020-02-22,2020-02-23,2020-02-24,2020-02-25,2020-02-26,2020-02-27,2020-02-28,2020-02-29,2020-03-01,cityName,cityName-en,distance-Wuhan,distance-Xiaogan,distance-Huanggang,distance-Suizhou,distance-Jingzhou
,,,1,2,2,2,3,5,6,7,8,9,9,10,10,11,13,14,15,15,16,16,16,16,16,17,17,17,17,17,17,17,17,17,17,17,17,17,七台河,Qitaihe,2222.30203244861,2121.27178761925,2198.65346593054,2170.1639416399,2357.9791497437
2,5,5,7,7,8,8,8,8,8,8,11,11,11,11,12,12,12,12,13,13,13,13,13,13,13,13,13,13,13,13,13,13,13,13,13,13,13,13,万宁,Wanning,1357.18327248667,1495.7021032281,1366.40549098636,1462.15874738661,1291.07880836696
2,5,8,10,14,14,14,14,15,17,17,18,22,30,32,34,37,40,43,46,54,54,54,54,54,54,54,54,54,54,54,54,54,54,54,54,54,54,54,三亚,Sanya,1441.94054798897,1576.35623196538,1453.76031513833,1540.67566672654,1365.49082191075
,,1,4,4,8,10,10,10,11,11,11,11,11,12,12,12,13,13,13,13,13,13,13,13,14,14,14,14,14,14,14,14,14,14,14,14,14,14,三明,Sanming,574.957615661197,726.162618220139,538.342555799844,734.656163791693,695.562160886458
1,1,2,3,3,4,5,6,7,7,7,7,7,7,7,7,7,7,7,7,7,7,7,7,7,7,7,7,7,7,7,7,7,7,7,7,7,7,7,三门峡,Sanmenxia,553.811091644438,404.103232945299,590.520093548545,394.273073151463,500.816105544608
20,33,40,53,66,80,101,128,153,177,193,208,233,254,269,281,292,295,302,306,313,318,326,328,331,333,333,333,334,334,335,335,335,336,337,337,337,337,337,上海,Shanghai,689.944618192855,722.658411309624,638.184007791602,771.631057202536,889.522003605615
,2,6,6,7,9,11,12,16,19,32,50,69,78,86,86,92,98,103,111,116,119,122,123,123,123,123,123,123,123,123,123,123,123,123,123,123,123,123,上饶,Shangrao,421.379698167911,546.823033187774,371.613303763299,570.365441900854,592.971162757816
,,,,1,1,1,1,1,1,1,1,2,3,3,3,3,3,3,3,3,3,3,3,3,3,3,3,3,3,3,3,3,3,3,3,3,3,3,东方,Dongfang,1389.20933543009,1516.22107636292,1405.54009120005,1477.44816629493,1297.3141739039
,1,2,2,2,7,7,16,21,27,31,37,44,47,53,53,56,58,60,62,67,70,73,81,89,89,91,91,92,93,93,94,96,97,97,97,98,99,99,东莞,Dongguan,830.655872386321,984.140779509473,827.440189278482,962.296205233778,821.806605875955
1,1,1,1,1,1,1,2,2,2,2,3,3,3,3,3,3,3,3,3,3,3,3,3,3,3,3,3,3,3,3,3,3,3,3,4,4,4,4,中卫,Zhongwei,1144.46766999975,1011.15719342588,1189.06094687878,988.376837619528,1028.96018711858
2,2,2,4,6,12,16,18,18,21,25,31,35,44,46,46,46,51,56,58,62,64,64,65,65,66,66,66,66,66,66,66,66,66,66,66,66,66,66,中山,Zhongshan,891.196991620043,1042.91653126415,889.960712615452,1019.18520647932,872.994582556018
,,1,2,2,2,2,2,2,2,3,3,3,1,1,3,3,3,3,3,3,3,3,3,3,3,3,3,3,3,3,3,3,3,3,3,3,3,3,临夏回族自治州,Linxiahuizuzizhizhou,1178.23430518267,1070.75179169004,1228.8422937207,1035.63634264487,1025.50281033935
,,,1,1,1,1,1,1,1,1,1,1,1,2,2,2,2,2,2,2,2,2,2,2,2,2,2,2,2,2,2,2,2,2,2,2,2,2,临汾,Linfen,669.802453405738,512.29184868301,699.784495665089,514.095699387404,641.171182317005
2,3,7,7,8,15,16,20,23,24,24,27,30,32,35,35,40,40,42,44,45,45,47,47,47,47,48,48,49,49,49,49,49,49,49,49,49,49,49,临沂,Linyi,628.837545661071,539.140737247462,606.309836692445,591.870571759296,775.430662060498
,,,,,,,,1,1,1,1,1,1,1,1,1,1,1,1,1,1,1,1,1,1,1,1,1,1,1,1,1,1,1,1,1,1,1,临沧,Lincang,1586.84859394105,1623.326353189,1632.62867195459,1568.61356341906,1399.06747869325
1,1,1,1,1,1,1,1,3,4,4,4,5,5,5,5,5,6,6,6,6,6,6,6,6,6,6,6,6,6,6,6,6,6,6,6,6,6,6,临高,Lingao,1263.79118801841,1395.73091075614,1277.51797066887,1359.16252828332,1182.78589140098
,,,1,4,5,5,5,5,6,6,6,6,7,7,7,7,7,7,7,7,7,7,7,7,7,7,7,7,7,7,7,7,7,7,7,7,7,8,丹东,Dandong,1402.79791696695,1309.19380918491,1377.54147581147,1359.96577995292,1546.43353136041
,,3,3,5,6,6,7,6,14,16,16,16,16,16,16,17,17,17,17,17,17,17,17,17,17,17,17,17,17,17,17,17,17,17,17,17,17,17,丽水,Lishui,590.362441421838,694.766468142862,537.229092575752,726.978478747413,773.781795435649
,1,2,2,6,6,6,6,6,6,7,7,7,7,7,7,7,7,7,7,7,7,7,7,7,7,7,7,7,7,7,7,7,7,7,7,7,7,7,丽江,Lijiang,1431.49188010577,1438.25126820785,1482.08939775375,1383.41001548832,1233.71983791922
,,,,,,,2,2,2,3,3,3,3,3,3,3,3,3,3,3,3,3,3,3,3,3,3,3,3,3,3,3,3,3,3,3,3,3,乌兰察布,Wulanchabu,1170.27901628613,1012.58474026511,1184.8010127232,1032.76489799035,1188.67262745477
,,,,,,,,,1,1,1,2,2,2,2,2,2,2,2,2,2,2,2,2,2,2,2,2,2,2,2,2,2,2,2,2,2,2,乌海,Wuhai,1222.38836067094,1071.64401871355,1258.84650764818,1062.72574829768,1147.46142958351
2,3,3,4,5,6,7,8,8,8,10,12,12,15,18,18,19,20,20,20,20,21,23,23,23,23,23,23,23,23,23,23,23,23,23,23,23,23,23,乌鲁木齐,Wulumuqi,2766.64385770766,2640.25231831751,2813.82027489608,2614.23233946996,2628.87171040573
,,,,,,,,1,1,1,1,1,1,1,1,1,2,2,2,2,2,2,2,2,2,2,2,2,2,2,2,2,2,2,2,2,2,2,乐东黎族自治,Ledonglizuzizhi,1416.70485230718,1547.50686813267,1430.80132759843,1510.2434917852,1332.42724740442
,,1,1,2,2,2,2,2,2,2,2,2,2,3,3,3,3,3,3,3,3,3,3,3,3,3,3,3,3,3,3,3,3,3,3,3,3,3,乐山,Leshan,1021.94062269321,1004.6871508327,1075.25266114839,950.886298168109,822.3876553076
1,2,2,4,9,16,31,42,43,55,64,78,86,92,95,95,97,100,101,101,105,109,114,115,117,117,118,118,118,118,118,118,118,118,118,118,118,118,118,九江,Jiujiang,183.454683391494,314.446263308328,133.401046664704,333.33921920502,366.180249332452
,,,,,,,,,,,,,,1,1,1,1,1,1,1,1,1,2,2,2,2,2,2,2,2,2,2,2,2,2,2,2,2,五家渠,Wujiaqu,2801.76088912752,2673.25259052013,2848.35011393378,2648.33732657786,2667.11051652742
1,4,6,6,8,15,20,20,25,30,39,48,58,66,72,72,81,87,92,92,97,100,106,107,108,108,108,108,108,108,108,108,108,108,108,108,108,108,108,亳州,Bozhou,396.871615360258,278.7313721454,390.208353117509,328.501590376339,515.668179081745
2,10,11,12,27,32,55,90,97,140,169,188,225,265,307,307,359,379,416,438,460,480,500,514,523,531,544,562,567,568,571,571,573,575,575,575,575,575,575,仙桃,Xiantao,92.1212807875306,187.04481915365,143.432124841813,157.86817296041,110.266851445973
,,,,,,,,,,,,,,,,,,,,,,1,1,1,1,1,1,1,1,1,1,1,1,1,1,1,1,1,伊春,Yichun,2281.92521140057,2167.11609879808,2264.00868111617,2212.65516442342,2400.43498101717
,,1,1,2,4,4,5,5,5,6,7,9,9,9,9,9,10,10,10,12,14,14,16,16,18,18,18,18,18,18,18,18,18,18,18,18,18,18,伊犁哈萨克自治州,Yilihasakezizhizhou,3255.91347141227,3134.74994199745,3304.45920833345,3106.275964875,3109.81597553008
6,9,10,14,18,18,25,32,38,39,43,46,49,50,57,59,64,67,70,70,78,81,82,84,84,84,84,84,84,84,84,84,84,84,84,84,84,84,84,佛山,Foshan,836.220894367858,986.069761255398,837.279212419214,960.860664280763,811.509640874535
,,,1,1,5,5,8,11,11,11,11,11,12,13,13,13,13,14,15,15,15,15,15,15,15,15,15,15,15,15,15,15,15,15,15,15,15,15,佳木斯,Jiamusi,2276.59160762862,2169.56287149362,2255.30659595684,2217.10995103386,2405.20754998823
,,,,,,,,,,,,2,2,2,2,2,3,3,3,3,3,3,3,3,3,3,3,3,3,3,3,3,3,3,3,3,3,3,保亭黎族苗族自治,Baotinglizumiaozuzizhi,1401.796446798,1536.35543580331,1413.59684273997,1500.78960264142,1325.88073408456
,1,3,3,3,6,7,11,11,13,13,13,17,17,18,18,18,21,26,30,31,31,31,32,32,32,32,32,32,32,32,32,32,32,32,32,32,32,32,保定,Baoding,930.26511713371,781.950842971081,934.629121269392,813.959826319944,990.263994235689
,,,2,4,4,5,6,7,8,8,8,8,8,9,9,9,9,9,9,9,9,9,9,9,9,9,9,9,9,9,9,9,9,9,9,9,9,9,保山,Baoshan,1604.64597050062,1624.85488208091,1653.20780601704,1569.84146713209,1410.47657202726
1,5,22,23,29,32,42,49,70,88,99,112,138,164,176,176,192,205,220,228,231,240,243,252,261,262,266,268,269,270,273,274,274,274,274,274,274,274,274,信阳,Xinyang,179.846008535982,28.2870785409133,201.910975297784,80.4918267798119,265.286884711671
,3,3,4,5,5,5,5,6,6,7,8,8,10,11,11,11,11,11,11,15,15,15,15,15,15,15,15,15,15,15,15,15,15,15,15,15,15,15,儋州,Danzhou,1309.15851383033,1440.06890212752,1323.40623551065,1402.9901238682,1225.65958316166
,,,,1,1,1,1,1,1,1,3,4,4,3,4,6,6,6,6,6,6,6,6,6,6,6,6,6,6,6,6,6,6,6,6,6,6,6,公主岭,Gongzhuling,1734.30059641683,1620.36710848578,1716.60620595425,1666.48302140825,1854.45087859796
2,2,3,3,4,6,8,9,13,13,20,30,34,36,41,41,51,54,57,59,59,60,61,63,65,68,68,69,69,69,69,69,69,69,69,69,69,69,69,六安,Luan,247.439784029311,245.155168073517,210.589685027321,294.804663869816,434.12391153312
,,,1,1,1,1,4,8,8,9,9,9,9,9,9,9,10,10,10,10,10,10,10,10,10,10,10,10,10,10,10,10,10,10,10,10,10,10,六盘水,Liupanshui,1025.67741470609,1062.80526051651,1072.24084309386,1008.30399634606,837.178431984423
1,1,4,8,11,14,14,15,20,23,24,26,27,27,27,32,33,33,35,35,35,35,35,35,35,36,36,36,36,36,36,36,36,36,36,36,36,36,36,兰州,Lanzhou,1158.63086981407,1044.61707647178,1208.08191617493,1012.09615143975,1013.86159356248
,,,1,1,1,1,1,1,1,1,1,1,1,1,1,1,1,1,1,1,1,1,1,1,1,1,1,1,1,1,1,1,1,1,1,1,1,1,兴安,Xingan,652.59614738554,768.889333320952,677.425298092665,728.207316317292,547.04643256573
,1,1,1,3,4,4,6,10,11,12,15,15,16,17,17,17,17,17,18,20,21,21,22,22,22,22,22,22,22,22,22,22,22,22,22,22,22,22,内江,Neijiang,899.59626654805,887.368494808923,952.679501593545,833.123803779324,699.884523760988
,,,1,2,2,2,3,5,5,6,6,7,7,7,7,9,9,10,10,10,10,10,11,13,13,13,13,13,13,13,13,13,13,13,13,13,13,13,凉山彝族自治州,Liangshanyizuzizhizhou,1206.79630244868,1209.62370023128,1258.08620695665,1154.85154606008,1008.13192033147
,,,2,3,3,3,3,3,5,6,6,7,9,9,9,10,10,11,11,11,11,11,11,11,11,11,11,11,11,11,11,11,11,11,11,11,11,11,包头,Baotou,1182.17939568445,1022.88451441823,1208.12836023678,1029.08051257258,1154.89869591143
22,36,41,68,80,91,114,132,156,183,212,228,253,274,297,315,326,337,342,352,366,372,375,380,381,387,393,395,396,399,399,399,400,400,410,410,411,413,414,北京,Beijing,1060.99616510963,916.892846563268,1061.62461782406,951.525976097786,1130.62744981995
6,6,7,9,11,13,15,17,23,23,26,27,29,31,31,31,32,33,35,36,39,39,40,43,43,43,44,44,44,44,44,44,44,44,44,44,44,44,44,北海,Beihai,1126.87069259305,1249.64363834577,1146.11703731819,1209.68843697556,1028.21217138934
1,5,20,40,65,88,119,150,177,212,256,291,318,353,395,395,438,467,481,505,536,562,586,597,602,612,626,638,641,656,659,667,669,671,671,671,671,671,672,十堰,Shiyan,409.105401978032,304.833383044333,458.351292757774,265.152551001871,291.626078949727
3,4,7,7,10,14,19,25,28,35,40,44,47,52,57,57,65,71,78,84,87,90,91,91,92,92,92,93,93,93,93,93,93,93,93,93,93,93,93,南京,Nanjing,457.748954645221,460.434711133014,412.529065940273,512.185915769554,651.186837252897
,,2,2,4,5,9,11,16,23,26,27,28,29,30,30,31,32,33,34,34,35,35,35,35,35,38,38,38,38,38,38,39,39,39,39,39,39,39,南充,Nanchong,786.762192703774,752.655712697199,841.075347004471,700.071158865673,590.886284064091
,,1,5,5,7,15,16,16,16,22,27,28,30,31,31,32,35,37,41,44,44,47,49,50,51,54,54,54,54,55,55,55,55,55,55,55,55,55,南宁,Nanning,1037.97053242877,1147.0964574933,1063.92537315163,1103.06786089246,916.860976292239
,,,1,2,3,3,3,8,8,11,11,12,12,12,12,14,16,18,19,19,20,20,20,20,20,20,20,20,20,20,20,20,20,20,20,20,20,20,南平,Nanping,511.300080198056,650.368731893296,466.772840643709,667.493742517002,661.639993480026
2,3,4,8,17,25,46,67,83,89,103,121,134,149,162,162,168,179,189,195,204,210,217,222,227,228,229,230,229,229,229,229,229,229,229,229,230,230,230,南昌,Nanchang,254.990104932813,406.529308842723,218.696813079786,414.52050079957,398.306974353199
1,1,2,4,6,6,9,10,12,17,19,22,1,27,29,29,31,32,33,35,37,38,39,40,40,40,40,40,40,40,40,40,40,40,40,40,40,40,40,南通,Nantong,664.440559424218,674.79111335945,615.941111050702,726.573414787886,861.183202397559
,8,15,19,26,31,51,61,66,62,84,99,107,111,118,118,128,133,134,136,138,145,146,150,151,154,155,155,155,155,155,155,155,155,155,156,156,156,156,南阳,Nanyang,323.503378024152,177.31757183161,361.066635606128,164.078436707737,298.128524259239
1,3,3,4,4,5,7,13,17,18,19,20,21,21,23,23,25,25,28,31,32,34,34,34,34,35,35,35,35,35,35,35,35,35,35,35,35,35,35,厦门,Xiamen,768.742671714351,923.201017921928,735.452564461465,928.241343312244,870.9620761001
,,,1,1,1,1,1,2,4,7,12,16,20,36,36,36,38,38,38,39,39,48,48,49,50,52,52,52,52,52,52,52,52,52,52,52,52,52,双鸭山,Shuangyashan,2305.72287345204,2201.88114320891,2283.11239604981,2250.14123623335,2438.14818717371
4,20,21,22,22,40,64,81,64,100,109,115,122,124,129,129,133,138,141,143,143,144,144,145,146,146,146,146,146,146,146,146,146,146,146,146,146,146,146,台州,Taizhou,720.476464913501,808.883073961782,666.25494639032,846.389310918867,910.553807388733
,,,,,,,,,,,,,,13,16,17,18,18,18,18,18,18,18,20,20,22,23,24,26,26,28,30,31,32,32,34,39,40,台湾,Taiwan,925.396640456525,1055.98488957279,878.192579643826,1078.35144732057,1078.41308450044
6,10,13,13,16,29,39,50,59,59,75,81,93,104,115,115,128,136,147,150,157,161,166,168,169,171,173,173,173,174,174,174,174,174,174,174,174,174,174,合肥,Hefei,318.838804356583,317.932295486997,277.762106562794,368.79574763968,508.67092809949
1,1,2,3,3,4,5,8,11,12,13,15,15,15,16,16,17,17,18,19,21,20,20,20,21,21,22,22,22,22,22,22,22,22,22,22,22,22,22,吉安,Jian,382.295895916877,541.876811287646,368.092743645381,532.480441713403,444.715914288452
1,2,2,2,3,3,3,3,3,3,4,5,5,4,3,5,5,5,5,5,5,5,5,5,5,5,5,5,5,5,5,5,5,5,5,5,5,5,5,吉林,Jilin,1834.02832210028,1727.6228949307,1812.96357084835,1775.55020870047,1963.60945089633
,,,,1,1,1,1,1,1,1,1,1,1,1,1,1,1,1,1,1,1,1,2,3,3,3,3,3,3,3,3,3,3,3,3,3,3,3,吐鲁番,Tulufan,2616.40640365256,2491.65152522782,2663.99314043995,2464.78283186716,2476.65352967736
,,,1,3,3,4,5,5,5,5,5,5,6,6,6,6,6,6,6,6,6,6,6,6,6,6,6,6,6,6,6,6,6,6,6,6,6,6,吕梁,Lvliang,830.32844273646,671.598575707278,858.045128064423,676.241233571401,804.470865796057
,,,,2,3,5,5,6,7,7,7,7,8,9,9,9,10,13,15,19,22,25,27,27,27,27,28,28,28,28,28,28,28,28,28,28,28,28,吴忠,Wuzhong,1114.03252301611,972.997852700428,1155.71116345292,955.400190140225,1014.71956994264
1,4,5,11,15,19,25,36,38,40,47,52,56,59,60,60,62,62,65,65,66,68,69,70,71,75,76,76,76,76,76,76,76,76,76,76,76,76,76,周口,Zhoukou,346.182680166563,201.278131885269,354.456555261233,242.330944462619,429.654666001441
1,1,2,2,2,2,2,2,2,2,2,3,3,5,5,5,5,5,5,5,6,6,6,6,6,6,6,7,7,7,7,7,7,7,7,7,7,7,7,呼伦贝尔,Hulunbeier,2124.65448389737,1980.474389,2123.67272827297,2013.68240514864,2189.1751516897
,,,,,2,2,2,2,2,4,4,5,5,7,7,7,7,7,7,7,7,7,7,7,7,7,7,7,7,7,7,7,7,7,7,7,7,7,呼和浩特,Huhehaote,1167.75253083823,1008.10325672704,1187.80201002641,1021.83521106172,1164.82842910417
1,1,43,64,91,112,130,166,206,246,296,348,384,399,443,443,476,493,507,515,525,534,732,840,852,861,868,832,766,834,836,836,836,836,836,836,836,836,836,咸宁,Xianning,72.1141192083877,230.014765880998,84.989231469911,222.257657647028,203.030972360579
1,1,1,4,4,5,5,6,8,9,9,11,15,15,15,15,16,16,17,17,17,17,17,17,17,17,17,17,17,17,17,17,17,17,17,17,17,17,17,咸阳,Xianyang,676.300195214503,554.621801661349,723.436351526812,524.587706208553,556.11879974927
1,6,8,8,10,11,13,18,25,34,45,63,73,82,94,94,100,114,128,146,150,159,164,167,182,188,190,192,194,197,197,198,198,198,198,198,198,198,198,哈尔滨,Haerbin,2000.78985461003,1886.13169961744,1983.07945681427,1931.86305564251,2119.71793164072
,,,,1,3,3,7,8,11,11,11,12,17,19,19,23,27,28,31,33,35,43,46,51,51,51,55,56,57,57,58,58,58,58,58,58,58,58,唐山,Tangshan,1065.53880138557,932.400688609942,1059.08929599067,972.849955223967,1157.88042476498
,,,6,7,14,18,27,29,36,50,60,61,65,72,72,76,82,83,86,86,87,88,90,91,91,91,91,91,91,91,91,91,91,91,91,91,91,91,商丘,Shangqiu,452.574886102087,323.167108873981,449.597271970417,368.879091717351,556.958159194156
,,,1,2,2,2,2,2,2,2,5,6,6,7,7,7,7,7,7,7,7,7,7,7,7,7,7,7,7,7,7,7,7,7,7,7,7,7,商洛,Shangluo,555.362117920109,430.441557099302,601.334109653601,401.585373202836,449.015608479839
1,4,8,8,11,14,16,16,16,19,19,23,27,30,35,35,37,38,40,40,42,42,42,43,43,43,43,44,45,45,45,45,45,45,45,45,45,45,45,嘉兴,Jiaxing,618.80774648298,664.06500661635,565.943006217135,710.746803721196,818.541125426711
,,,1,1,1,1,1,1,1,4,7,8,9,9,10,10,12,12,12,12,13,14,14,14,14,14,15,15,15,15,15,15,15,15,15,15,15,15,四平,Siping,1663.226453349,1550.80979740407,1644.96964133002,1597.38926950148,1785.44276512588
,1,1,1,1,1,1,2,2,2,2,2,2,2,2,2,2,2,3,3,3,5,5,5,5,5,5,5,5,5,5,5,5,5,5,5,5,5,5,固原,Guyuan,963.982776372569,838.077566560319,1010.57611737142,810.894452955219,839.668374658222
,1,1,1,1,1,1,1,1,1,1,1,1,1,1,1,1,1,1,1,1,1,1,1,1,1,1,1,1,1,1,1,1,1,1,1,1,1,1,固始,Gushi,224.636703496025,169.451956855079,206.730511250655,223.224870620762,385.649136009572
,,,,,,1,2,2,2,2,2,2,2,2,2,2,2,2,2,2,2,2,2,2,2,2,2,2,2,2,2,2,2,2,2,2,2,2,大兴安岭,Daxinganling,2519.03638462851,2381.41222478738,2513.17451572629,2418.18984484454,2598.32971671813
,1,1,1,1,3,4,5,6,8,9,9,9,9,9,9,10,11,11,11,11,12,12,12,12,12,12,12,12,12,12,12,12,12,12,12,12,12,12,大同,Datong,1069.02342142466,911.524397146145,1083.36327225095,932.313451248726,1090.10889914789
1,1,3,5,5,5,5,7,8,8,11,11,11,13,13,13,13,13,13,14,15,15,18,19,19,20,20,23,26,26,26,26,26,26,26,26,26,26,26,大庆,Daqing,2008.46570976873,1885.21847673534,1994.84454655051,1928.28923822681,2114.83256147151
,,1,1,3,3,4,6,6,7,7,7,7,8,11,11,11,11,13,13,13,13,13,13,13,13,13,13,13,13,13,13,13,13,13,13,13,13,13,大理白族自治州,Dalibaizuzizhizhou,1486.95029542747,1507.44170071795,1535.57972427145,1452.4292325401,1292.73524785739
1,2,4,4,5,5,5,7,8,10,12,12,13,14,14,14,16,16,16,16,16,17,18,18,19,19,19,19,19,19,19,19,19,19,19,19,19,19,19,大连,Dalian,1146.53752968626,1044.83867021383,1125.06705852049,1094.45127056344,1281.87104982846
,,,,1,1,2,2,3,3,8,10,10,10,9,10,12,12,12,12,12,12,12,12,12,12,12,12,12,12,12,12,12,12,12,12,12,12,12,天水,Tianshui,926.877386470684,821.243900280624,977.532627414088,784.998717137781,776.428617572643
5,8,10,14,23,24,27,31,32,41,48,60,67,69,79,81,88,91,95,106,112,119,120,122,124,125,128,130,131,133,135,135,135,135,135,136,136,136,136,天津,Tianjin,990.925819154681,853.620655018117,987.242201413114,892.323349345238,1075.94276493353
,3,5,13,23,34,44,67,82,99,115,117,128,138,163,163,179,197,217,261,293,362,416,422,447,485,500,486,473,492,493,494,494,495,496,496,496,496,496,天门,Tianmen,114.439424419651,159.456898255857,168.919205542341,120.933133706415,91.8681235574949
1,2,2,2,3,3,3,4,4,6,6,6,9,9,11,11,12,15,17,18,18,18,18,19,19,19,19,19,19,20,20,20,20,20,20,20,20,20,20,太原,Taiyuan,831.600494638813,672.004756097898,851.866537655588,686.90308758061,836.507019349776
2,3,4,7,10,11,14,19,24,24,25,25,27,28,30,31,33,34,35,37,38,38,38,38,38,38,38,38,38,38,38,38,38,38,38,38,38,38,38,威海,Weihai,1056.17195468755,971.959782847638,1028.68994656602,1024.44892119496,1208.27738569678
3,5,5,7,9,13,16,20,26,29,35,40,45,51,53,53,59,64,66,69,69,72,73,75,75,76,76,76,76,76,76,76,76,76,76,76,76,76,76,娄底,Loudi,386.390994849928,503.274720358918,414.496545288355,464.990206842496,291.971674146522
22,26,55,100,173,274,399,541,628,749,918,1120,1462,1886,2141,2141,2313,2436,2541,2642,2751,2874,3009,3114,3201,3279,3320,3344,3329,3427,3429,3443,3465,3482,3501,3516,3517,3518,3518,孝感,Xiaogan,159.83289681782,0,187.881106935653,55.0134151362414,237.245937535397
,,,,,,1,1,1,1,1,1,1,1,1,1,1,1,1,1,1,1,1,1,1,1,1,1,1,1,1,1,1,1,1,1,1,1,1,宁东,Ningdong,1105.38110437743,961.744200844079,1145.87763197743,946.170202486882,1012.34670733077
1,1,2,3,6,6,8,9,9,9,12,12,14,16,16,16,21,23,24,24,24,25,25,25,25,25,25,26,26,26,26,26,26,26,26,26,26,26,26,宁德,Ningde,665.95781180752,798.691340022516,619.14905629691,819.592668036382,820.921118775896
5,6,13,13,17,20,41,46,41,66,75,102,120,126,136,136,141,146,149,151,153,153,153,154,155,156,156,156,156,157,157,157,157,157,157,157,157,157,157,宁波,Ningbo,701.88719044,766.056869212961,647.62180597999,809.402427982602,899.475267810118
1,4,5,8,8,14,18,18,37,43,47,55,56,60,66,66,71,75,78,80,80,80,81,82,82,83,83,83,83,83,83,83,83,83,83,83,83,83,83,安庆,Anqing,261.057320553363,335.348345910296,207.586440548278,372.65786410102,460.436145159146
1,,,7,8,10,10,13,14,16,17,17,19,21,21,21,21,21,22,22,22,22,23,24,24,25,25,25,26,26,26,26,26,26,26,26,26,26,26,安康,Ankang,557.037301427041,468.515785885669,609.136980306222,425.140176236478,403.142304572717
,,3,7,11,14,16,20,24,24,29,33,35,37,40,40,43,44,45,46,49,50,50,51,51,51,52,52,53,53,53,53,53,53,53,53,53,53,53,安阳,Anyang,618.890898429335,465.433307610397,629.611774963824,494.281700170342,669.109579551757
,,,,,,,,,2,2,2,3,3,4,4,4,4,4,4,4,4,4,4,4,4,4,4,4,4,4,4,4,4,4,4,4,4,4,安顺,Anshun,948.297130862506,999.445294109669,992.306129893208,945.928292026495,767.402261442398
,,,,,,,1,1,1,1,3,3,3,3,3,3,3,3,3,3,3,3,3,3,3,3,3,3,3,3,3,3,3,3,3,3,3,3,定安,Dingan,1266.46569914097,1402.97407072189,1277.25898838218,1368.52913430452,1195.97048158091
,,1,1,1,1,2,2,2,3,2,2,2,4,4,5,8,8,8,8,8,9,9,9,9,9,9,9,9,9,9,9,9,9,9,9,9,9,9,定西,Dingxi,1067.49961244647,954.877446390675,1117.1310639866,921.64540220917,922.466337208733
,,,1,1,2,5,7,7,7,7,7,7,8,9,9,9,9,9,9,10,11,11,11,11,11,12,12,12,12,12,12,12,12,12,12,12,12,12,宜宾,Yibin,942.743952193365,925.266089478566,996.147895145885,871.408362256292,743.288843601312
1,1,20,31,51,63,117,167,276,353,392,452,496,563,610,610,633,711,749,772,784,810,877,906,901,895,904,907,891,914,914,917,924,926,927,929,931,931,931,宜昌,Yichang,289.311268922047,282.877845016483,343.666479320847,228.02895152289,99.1547004520888
,1,5,6,10,14,14,26,29,31,36,45,48,54,62,62,67,74,77,83,88,95,101,102,104,106,106,106,106,106,106,106,106,106,106,106,106,106,106,宜春,Yichun,300.449768976123,457.850715234376,295.377334975677,443.851356378169,348.57478857078
,,,,3,4,4,4,6,7,8,10,10,10,12,12,12,13,13,13,13,13,13,13,13,13,13,13,13,13,13,13,13,13,13,13,13,13,13,宝鸡,Baoji,797.458773453273,686.955269177334,847.119565186537,652.27379473872,656.430269333081
,,1,1,2,2,4,4,4,4,4,4,4,5,5,5,5,5,6,6,6,6,6,6,6,6,6,6,6,6,6,6,6,6,6,6,6,6,6,宣城,Xuancheng,449.901867472267,455.752469727707,404.159265964264,507.109863412583,644.065435988384
,,2,3,3,9,10,10,12,14,21,23,24,25,27,27,28,28,31,33,36,38,39,39,39,40,41,41,41,41,41,41,41,41,41,41,41,41,41,宿州,Suzhou,426.577004122512,343.708121235487,405.523401748048,397.941344315809,577.260921240055
,,,,,4,6,6,6,6,6,6,6,6,6,6,6,6,6,6,6,6,6,6,6,6,6,6,6,6,6,6,6,6,6,6,6,6,6,宿松,Susong,179.7521679769,288.82629853199,125.40158406108,315.132169921985,374.7691839583
,1,1,1,3,4,4,7,8,8,9,10,11,11,12,12,12,12,12,12,12,12,12,12,13,13,13,13,13,13,13,13,13,13,13,13,13,13,13,宿迁,Suqian,535.550440588024,468.681070750145,506.824867361019,523.412270998139,698.665256012956
3,5,6,7,17,26,29,37,45,53,70,83,89,93,107,107,111,115,124,134,146,148,149,153,154,154,155,155,156,156,156,156,156,156,156,156,156,156,156,岳阳,Yueyang,173.55572106462,293.422066155193,208.851162509639,261.763876665639,134.543076628584
,,1,1,1,1,2,2,2,2,3,5,5,5,5,5,6,7,7,7,8,8,8,8,8,8,8,8,8,8,8,8,8,8,8,8,8,8,8,峨眉山,Emeishan,1057.98474679355,1041.08558140251,1111.23980368998,987.288418744093,858.382538803099
2,2,,,,,,,,,,,,,,,,,,,,,,,,,,,,,,,,,,,,,2,巩义,Gongyi,479.036580497975,319.209003701616,503.082196515078,332.676462931878,490.504357892986
,,,,,2,4,5,8,8,12,12,15,19,20,20,21,21,22,22,22,22,24,24,24,24,24,24,24,24,24,24,24,24,24,24,24,24,24,巴中,Bazhong,737.428091267537,679.177845068294,791.779050213004,629.852592927904,552.388757630053
,,,,,1,2,2,3,3,3,3,4,4,4,4,4,6,6,6,6,6,6,8,8,8,8,8,8,8,8,8,8,8,8,8,8,8,8,巴彦淖尔,Bayannaoer,1295.88867034869,1140.77808847615,1328.65006745095,1137.40077935944,1237.06809925279
,,,,,,,,,,,,,1,1,1,2,3,3,3,3,3,3,3,3,3,3,3,3,3,3,3,3,3,3,3,3,3,3,巴音郭楞蒙古自治州,Bayinguolengmengguzizhizhou,2809.74111319251,2693.21486137716,2859.23992476417,2662.60274120809,2658.70367306576
,5,5,6,8,8,10,13,14,15,15,19,24,27,29,29,31,31,31,31,36,38,43,43,46,49,50,51,51,51,51,51,51,51,51,51,51,51,51,常州,Changzhou,555.820902798871,571.742641691802,507.105000270033,622.489776110767,753.039284065173
,3,7,12,19,26,30,37,39,42,45,50,56,62,64,64,66,66,72,73,75,77,78,78,79,79,79,79,79,80,80,82,82,82,82,82,82,82,82,常德,Changde,301.200905610802,382.942063247999,344.017011097606,337.37983716153,151.872751930418
,,,,,1,1,1,1,1,1,1,1,1,1,1,4,4,8,8,8,9,9,9,9,9,9,9,9,9,9,9,9,9,9,9,9,9,9,平凉,Pingliang,901.988038400401,779.198945817835,949.284717647809,750.309298488217,774.507798462927
,1,2,5,5,5,8,10,11,14,19,28,34,41,46,46,48,50,52,54,55,56,57,58,58,58,58,58,58,58,58,58,58,58,58,58,58,58,58,平顶山,Pingdingshan,370.86993382493,211.086789973839,396.168727768311,225.51970513618,391.658099225474
,,,,,1,3,2,2,5,5,6,6,6,6,6,6,6,6,6,6,6,6,6,6,6,6,6,6,6,6,6,6,6,6,6,6,6,6,广元,Guangyuan,834.138370444018,764.976786535648,888.166539642425,718.055912733198,653.912132870205
2,2,2,6,7,7,9,13,16,20,21,24,24,24,27,27,28,28,28,30,30,30,30,30,30,30,30,30,30,30,30,30,30,30,30,30,30,30,30,广安,Guangan,739.061536984382,713.64540637344,793.110973662962,660.131704278003,541.361155304382
7,14,14,39,51,63,79,106,137,175,189,216,237,255,284,285,301,307,314,317,323,327,328,335,338,339,339,339,339,339,343,345,345,346,346,346,346,346,346,广州,Guangzhou,822.519887194345,973.037557649593,822.911880517543,948.425035274688,800.767945666421
,,,,,,,,,,1,1,1,2,2,2,2,2,3,3,3,3,3,3,3,3,3,3,3,3,3,3,3,3,3,3,3,3,3,庆阳,Qingyang,855.307571116989,719.688375741454,898.832827537348,698.075444804644,751.285280751768
,,,2,6,9,9,9,11,11,12,12,13,14,15,15,20,22,24,26,28,29,29,29,30,30,30,30,30,30,30,30,30,30,30,30,30,30,30,廊坊,Langfang,1022.9856716279,881.149865903785,1022.13191549376,917.294090868263,1098.24267952717
1,,,2,2,3,3,7,7,7,7,7,7,7,7,7,8,8,8,8,8,8,8,8,8,8,8,8,8,8,8,8,8,8,8,8,8,8,8,延安,Yanan,810.110533461922,660.669703105024,847.263241376445,650.408696843582,741.25142223088
,,,,,,2,2,2,2,2,3,3,4,5,5,5,5,5,5,5,5,5,5,5,5,5,5,5,5,5,5,5,5,5,5,5,5,5,延边朝鲜族自治州,Yanbianchaoxianzuzizhizhou,1924.06776839334,1834.4700826524,1896.51401825325,1885.54941640959,2071.64932869451
,,,1,2,3,4,6,8,11,11,12,17,18,20,20,21,24,24,25,25,25,25,25,26,26,26,26,26,26,26,26,26,26,26,26,26,26,26,开封,Kaifeng,473.551683281682,320.936709480596,484.865619304646,352.522866487326,532.443969503498
,,,,,1,6,6,8,9,9,9,10,12,13,13,14,14,17,21,21,25,31,33,34,34,34,34,34,34,34,34,34,34,35,40,41,41,41,张家口,Zhangjiakou,1143.94133981418,991.332964627256,1151.69379197155,1018.81074015751,1187.56545009227
,,,,,,1,1,2,3,3,3,3,3,5,5,5,5,5,5,5,5,5,5,5,5,5,5,5,5,5,5,5,5,5,5,5,5,5,张家界,Zhangjiajie,401.024654175162,451.926849755506,448.639616877838,400.134893266583,216.611948525754
,,,1,1,2,2,2,2,2,2,2,2,2,2,2,2,2,2,2,2,2,2,2,2,2,2,2,2,2,2,2,2,2,2,2,2,2,2,张掖,Zhangye,1571.6404053194,1445.61963919703,1618.62985953345,1419.04520632127,1438.79135504686
,,,3,8,8,15,20,23,30,36,39,45,45,49,49,52,56,60,63,66,71,76,77,78,79,79,79,79,79,79,79,79,79,79,79,79,79,79,徐州,Xuzhou,495.874257575856,402.061512915789,476.980872837379,454.910046113529,638.385536219642
,,,2,2,2,2,3,3,3,4,5,5,5,5,5,5,5,5,5,5,5,5,5,5,5,5,5,5,5,5,5,5,5,5,5,5,5,5,德宏傣族景颇族自治州,Dehongdaizujingpozuzizhizhou,1691.22070646229,1715.01227766773,1739.13825545683,1660.01016651149,1498.34096780885
,1,3,6,8,11,11,16,17,19,19,19,19,26,27,27,29,30,32,32,33,35,35,36,37,37,37,37,37,37,37,37,37,37,37,37,37,37,37,德州,Dezhou,790.104296646173,651.014737538651,788.533284932702,689.575291622953,873.522323963367
1,1,1,1,1,2,3,7,7,10,10,12,12,12,12,12,13,16,16,16,16,17,17,17,17,17,17,17,17,18,18,18,18,18,18,18,18,18,18,德阳,Deyang,953.120741224269,910.004476326679,1007.56386316159,858.830855951778,758.895699338105
,,,,,,,,1,3,3,3,3,3,3,3,6,6,7,7,7,7,7,7,7,7,7,7,7,7,7,7,7,7,7,7,7,7,7,忻州,Xinzhou,892.772538225153,733.611874627115,911.211318099587,750.453450100643,902.792607711306
3,5,8,11,16,18,23,26,28,31,32,35,35,36,38,38,38,39,39,39,39,39,39,40,40,40,40,40,40,40,40,40,40,40,40,40,40,40,40,怀化,Huaihua,539.329565597803,620.106030932126,578.382473263767,571.606107768822,383.532974407055
,11,17,25,38,51,66,75,87,105,111,123,138,144,157,157,160,171,187,195,203,229,237,244,247,249,250,249,244,250,251,251,251,251,251,251,251,252,252,恩施土家族苗族自治州,Enshitujiazumiaozuzizhizhou,463.680052122147,458.727465480793,517.245353646995,403.744752990597,264.549403461001
5,7,8,8,11,12,17,17,20,23,28,29,31,35,39,39,47,48,52,53,54,55,56,58,58,58,59,62,62,62,62,62,62,62,62,62,62,62,62,惠州,Huizhou,823.302868100735,979.669743180859,815.722808909032,961.358252446283,830.650072628787
7,16,22,33,37,46,59,69,72,73,77,87,92,97,102,102,109,120,123,124,125,131,135,139,140,140,140,141,141,143,143,143,143,143,143,143,143,143,143,成都,Chengdu,982.831167439096,947.646490720864,1037.0775759433,895.511206178596,786.155830028779
1,1,1,4,5,8,8,8,13,13,14,15,15,15,17,17,17,18,18,18,18,20,20,21,22,23,23,23,23,23,23,23,23,23,23,23,23,23,23,扬州,Yangzhou,528.017010978891,522.326152559436,483.599550138831,575.232247586185,719.846202702765
,1,1,1,1,1,2,2,2,2,2,3,4,5,6,6,7,7,7,7,7,7,7,7,7,7,7,7,7,7,7,7,7,7,7,7,7,7,7,承德,Chengde,1204.50973347719,1066.63107392595,1200.48931098347,1104.5175235741,1286.98577088425
1,4,6,7,8,9,13,15,18,24,29,34,44,46,56,56,59,63,64,67,68,69,71,72,72,72,72,72,72,72,72,72,72,72,72,72,72,72,72,抚州,Fuzhou,341.955840735824,493.757290808115,305.884439357841,501.616077142673,475.108604000714
,,,,,,1,1,1,1,1,1,1,1,1,1,1,1,1,1,1,1,1,1,1,1,1,1,1,1,1,1,1,1,1,1,1,1,1,拉萨,Lasa,2229.86272155028,2185.40229565011,2284.16785962773,2135.35089278102,2033.285780874
,,3,3,4,6,6,6,6,6,6,6,6,7,7,7,7,7,7,8,8,8,8,8,8,8,8,8,8,8,8,8,8,8,8,8,8,8,8,揭阳,Jieyang,798.338680983126,958.127779989946,777.416664943996,951.274844633424,854.914107111205
,,,,,,,1,7,9,10,10,11,11,11,11,12,13,13,13,13,13,13,13,13,13,16,16,16,16,16,16,16,16,16,16,16,16,16,攀枝花,Panzhihua,1305.61407366972,1322.66957547843,1354.95760927816,1267.65810866133,1110.1177235941
,,,,,,,,,,,1,1,1,1,1,1,1,2,2,2,2,2,2,2,2,2,2,2,2,2,2,2,2,2,2,2,2,2,文山壮族苗族自治州,Wenshanzhuangzumiaozuzizhizhou,1273.88645967477,1342.6411261534,1312.82587848767,1290.60288325852,1106.4875477533
,,,,,,,,,,1,1,1,1,3,3,3,3,3,3,3,3,3,3,3,3,3,3,3,3,3,3,3,3,3,3,3,3,3,文昌,Wenchang,1261.41646011118,1400.58944002606,1270.36937075397,1367.52486853046,1197.64168378303
,1,3,4,6,7,11,15,21,21,27,33,39,41,41,41,43,44,46,48,53,54,55,55,56,57,57,57,57,57,57,57,57,57,57,57,57,57,57,新乡,Xinxiang,532.963982411172,376.045011097027,548.45453379263,400.808570238328,572.145877244411
1,1,1,3,3,11,11,28,40,43,50,59,69,78,87,87,95,100,105,110,117,121,124,127,129,129,129,129,130,130,130,130,130,130,130,130,130,130,130,新余,Xinyu,306.176470762103,465.919737387056,291.544364570095,458.071748742289,382.300659711453
1,1,2,4,6,9,10,12,13,19,23,25,26,28,31,31,34,38,41,45,48,49,51,52,53,55,55,55,55,55,55,55,55,55,55,55,55,55,55,无锡,Wuxi,582.900646306365,605.482104906726,532.958368500496,655.492548500295,781.279910424068
1,2,4,5,6,7,8,9,10,11,12,14,14,14,14,14,15,15,15,15,15,15,15,16,16,16,16,16,16,16,16,16,16,16,16,16,16,16,16,日照,Rizhao,725.769756996271,644.496440600241,699.308238811123,697.862857709516,879.643114038731
2,3,4,7,12,15,21,24,30,31,32,34,34,37,40,41,41,42,45,46,46,48,48,48,51,51,52,53,53,53,53,53,53,53,53,53,53,53,53,昆明,Kunming,1291.75881114451,1332.79784376444,1337.053236933,1278.36697479858,1105.80568021068
,,,,,,,,,,,1,2,2,2,2,2,2,3,4,4,4,4,4,4,4,4,4,4,4,4,4,4,4,4,4,4,4,4,昌吉回族自治州,Changjihuizuzizhizhou,2805.36537999432,2678.50055080777,2852.41798628883,2652.72898970615,2668.19990875832
,,,,,,,1,1,1,3,3,3,3,4,4,5,6,6,6,7,7,7,7,7,7,7,7,7,7,7,7,7,7,7,7,7,7,7,昌江黎族自治,Changjianglizuzizhi,1360.62983697361,1489.744009922,1375.82566785664,1451.84580221855,1273.09765871544
,,,1,2,2,4,4,6,6,8,9,10,10,10,10,10,12,12,14,14,14,19,25,25,25,25,25,25,25,25,25,25,25,25,25,25,25,25,昭通,Zhaotong,1032.73975967612,1020.00910175671,1085.70842233469,965.904077340221,832.990761304067
,,2,2,5,9,9,9,11,13,15,19,21,26,27,27,30,32,32,33,34,35,35,35,35,36,36,36,36,36,36,36,36,37,37,37,37,37,37,晋中,Jinzhong,808.767109560257,649.371348989691,828.208374938269,665.484910502551,817.763919029459
,,,,,,,,2,3,6,7,7,7,8,8,8,8,8,8,8,8,8,8,9,9,9,10,10,10,10,10,10,10,10,10,10,10,10,晋城,Jincheng,571.482230366161,411.649601166278,594.74352681438,424.784569875361,577.921530908135
,,,,,1,3,4,4,4,4,4,4,4,4,4,4,4,4,4,4,4,4,4,4,4,4,4,4,4,4,4,4,4,4,4,4,4,4,普洱,Puer,1555.36192787288,1604.48214814627,1598.59966073519,1550.4352986244,1374.30270469797
,1,1,2,2,2,2,3,3,3,3,4,4,4,4,4,4,5,5,5,5,5,5,5,5,6,6,6,6,6,6,6,6,6,6,6,6,6,6,景德镇,Jingdezhen,311.858901433746,430.192826555101,259.827148604628,455.749483414275,494.580851067175
,,1,1,2,5,5,5,5,5,6,8,10,10,10,10,11,11,12,13,13,13,13,13,13,13,13,13,13,13,13,13,13,13,13,13,13,13,13,曲靖,Qujing,1173.36078074883,1216.49496323104,1218.45627092221,1162.23320493619,988.292023369259
,,,2,2,2,3,3,3,3,3,3,4,4,4,4,4,6,7,7,7,7,7,7,7,7,8,8,8,8,8,8,8,8,8,8,8,8,8,朔州,Shuozhou,992.351424394068,833.106963064062,1010.87327622181,849.336599149985,999.245182938446
1,2,2,2,2,2,4,5,6,6,6,6,6,6,6,6,6,6,6,6,6,6,6,6,6,6,6,6,6,6,6,6,6,6,6,6,6,6,6,朝阳,Zhaoyang,1344.11822686443,1218.56386773593,1332.73034873866,1261.47696222908,1448.09899822428
,1,1,2,2,2,3,3,3,3,3,3,3,3,3,3,3,3,3,3,3,3,3,3,3,3,3,3,3,3,3,3,3,3,3,3,3,3,3,本溪,Benxi,1465.49768104958,1360.16792483941,1444.61152005755,1408.63364777441,1596.571826934
,,,,,,,,,,,,,1,2,2,3,7,11,11,11,11,11,11,11,11,11,11,11,11,11,11,11,11,11,11,11,11,11,来宾,Laibin,901.734236657662,1014.22571332753,926.767596707631,971.464495785622,786.707919806783
,,,,,,,,,,,1,1,1,1,1,1,1,1,1,1,1,1,1,1,1,1,1,1,1,1,1,1,1,1,1,1,1,1,杨凌,Yangling,722.698490986509,607.668617957458,771.368078638098,574.666086548822,590.557791540818
6,12,27,27,32,51,69,85,69,110,118,132,141,151,156,156,162,165,155,157,159,162,165,166,166,168,168,169,169,169,169,169,169,169,169,169,169,169,169,杭州,Hangzhou,565.7780053419,626.712353890821,511.837955809265,670.165551344621,764.483523369357
1,1,1,2,2,2,2,2,2,2,2,2,2,2,2,2,2,2,2,2,2,2,2,2,2,2,2,2,2,2,2,2,2,2,2,2,2,2,2,松原,Songyuan,1864.42155995657,1745.4919138153,1848.85308065142,1790.06295194953,1977.48256198798
,,,,2,8,8,9,11,14,15,16,17,17,19,19,20,21,21,23,23,23,23,24,24,24,24,24,24,24,24,24,24,24,24,24,24,24,24,枣庄,Zaozhuang,570.095126369818,471.397346182572,551.690089520226,523.174170713525,708.468059839516
2,3,4,6,6,6,10,11,12,12,14,15,17,20,20,20,20,20,22,22,22,22,22,24,24,24,24,24,24,24,24,24,24,24,24,24,24,24,24,柳州,Liuzhou,840.087246016431,950.42118878163,866.370973075222,907.220087534461,722.06396171512
1,1,3,5,7,13,18,19,22,25,26,34,38,41,46,46,48,58,61,68,71,75,77,78,78,78,78,78,78,78,79,80,80,80,80,80,80,80,80,株洲,Zhuzhou,318.443882697286,459.127113250496,333.717891240801,431.485942720907,291.424363595996
2,6,11,14,15,16,18,18,21,23,24,24,26,27,28,28,29,29,30,30,31,31,31,31,31,31,31,31,31,31,32,32,32,32,32,32,32,32,32,桂林,Guilin,702.213968147267,815.911785568897,727.857632154714,774.19566790441,591.256853876185
,,,1,3,4,5,5,5,6,7,9,10,12,12,12,13,13,13,13,13,13,14,15,16,16,16,16,16,16,16,16,16,16,16,16,16,16,16,梅州,Meizhou,684.735319925191,844.511554871291,663.88511667147,838.013758206687,745.552303315773
,,,,,,,,,,,,,,,,,1,1,1,1,1,1,1,1,1,1,1,1,1,1,1,1,1,1,1,1,1,1,梅河口,Meihekou,1677.29610930356,1574.43703701651,1655.02734330496,1623.25242965523,1811.08450347528
1,1,2,2,4,4,4,4,5,5,5,5,5,5,5,5,5,5,5,5,5,5,5,5,5,5,5,5,5,5,5,5,5,5,5,5,5,5,5,梧州,Wuzhou,830.665156730171,965.701347131966,843.898941284103,931.490759199661,761.241523350303
,,,,,,,,,,2,3,4,4,4,4,4,4,4,4,4,4,4,4,4,4,4,4,4,4,4,4,4,4,4,4,4,4,4,楚雄彝族自治州,Chuxiongyizuzizhizhou,1395.70602496237,1428.89986433166,1442.32190030198,1374.11146588785,1206.16930245124
,,,,,,1,1,1,1,1,1,1,2,2,2,3,3,3,3,3,3,3,3,3,3,3,3,3,3,3,3,3,3,3,3,3,3,3,榆林,Yulin,958.324023998009,801.915280422123,989.651297095577,800.918536972354,912.517498948623
495,572,618,698,1590,1905,2261,2639,3215,4109,5142,6384,8351,10117,11618,11618,13603,14982,16902,18454,19558,32994,35991,37914,39462,41152,42752,44412,45027,45346,45660,46201,46607,47071,47441,47824,48137,48557,49122,武汉,Wuhan,0,159.83289681782,54.4968338157273,159.741874640255,199.768553513138
,,,,,,1,1,3,4,4,8,11,13,13,17,21,21,21,21,22,22,23,23,23,23,23,23,23,23,23,23,23,23,23,23,23,23,23,毕节,Bijie,947.989201560647,977.714920442994,996.020589290401,922.952558660355,755.995827265675
,,,,,,,4,7,8,,,,,,,,,,,,,,,,,,,,,,,,,,,,,8,永城,Yongcheng,426.0329463353,321.103275317778,413.070515097793,372.98492121576,558.213717763606
4,4,4,4,7,11,14,16,18,22,26,26,30,32,38,38,40,40,41,42,43,43,43,43,43,43,43,43,43,43,43,43,43,43,43,44,44,44,44,永州,Yongzhou,544.10504536099,669.586706737233,565.312697522219,632.730160785468,459.707631505488
,,,3,4,6,6,11,13,15,15,16,19,20,21,21,21,21,21,21,21,21,21,21,25,25,25,26,26,26,26,26,26,26,26,26,26,26,26,汉中,Hanzhong,657.501437306238,566.134818753096,709.565867196896,524.189110635136,500.710944411539
,1,2,2,5,6,12,12,14,14,17,18,20,20,22,22,25,25,25,25,25,25,25,25,25,25,25,25,25,25,25,25,25,25,25,25,25,25,25,汕头,Shantou,824.539515582552,984.120407600306,801.760895798835,978.873338322768,886.965306690604
,,,1,1,1,1,3,4,4,5,5,5,5,5,5,5,5,5,5,5,5,5,5,5,5,5,5,5,5,5,5,5,5,5,5,5,5,5,汕尾,Shanwei,864.211663548935,1023.19884719053,850.329138773281,1009.94773365483,893.066082110693
,,,,,,1,1,3,3,4,6,7,9,11,14,15,19,20,20,21,22,22,22,23,23,23,23,23,23,23,23,23,23,23,23,23,23,23,江门,Jiangmen,885.190888989206,1035.04733970965,886.049436124649,1009.7131357861,859.504410490798
1,1,1,1,1,1,2,4,4,6,6,10,11,11,11,11,11,12,15,15,16,16,17,17,17,17,17,17,17,17,17,17,17,17,17,17,17,17,17,池州,Chizhou,305.808381444386,368.749739335699,252.990555048182,409.36136583582,505.52208256059
2,3,5,6,7,8,9,10,13,16,13,15,18,23,24,25,26,26,26,27,28,28,28,28,28,28,28,28,28,28,28,28,28,28,28,28,28,28,28,沈阳,Shenyang,1492.18857179751,1382.0234858789,1473.26452303026,1429.33503581104,1617.43648132445
1,2,2,2,5,8,12,18,19,19,19,20,20,21,23,23,28,28,28,32,37,42,45,46,47,47,48,48,48,48,48,48,48,48,48,48,48,48,48,沧州,Cangzhou,896.688741507508,759.196220235239,893.536605057955,798.121292944729,982.125778511091
1,3,3,3,3,3,5,6,6,6,6,8,9,11,11,11,15,19,21,21,21,21,21,22,22,22,22,23,23,24,25,25,27,28,28,28,28,28,28,河池,Hechi,892.135581600024,984.162934235199,925.21072082155,936.434470588163,748.3379230609
,,,,,1,1,1,1,1,1,1,1,1,2,3,3,3,3,3,3,3,3,3,3,4,4,4,4,4,4,4,4,4,4,4,4,4,4,河源,Heyuan,753.266388851057,910.752047515591,743.743928447567,894.399148496008,770.486177058899
1,1,3,5,10,13,18,22,24,29,31,35,37,39,40,40,40,42,42,43,43,44,44,46,46,46,46,46,46,46,46,46,46,47,47,47,47,47,47,泉州,Quanzhou,748.83335494506,899.419450169582,711.731418080321,908.516998614022,865.509544407575
,,,,1,3,3,3,5,9,11,12,14,18,20,20,20,24,31,32,32,32,32,32,32,32,32,32,33,34,35,35,35,35,35,35,35,35,35,泰安,Taian,680.329022775792,558.188634094147,670.447339111538,604.172483184725,792.219663926012
,,1,2,4,8,9,12,17,17,21,23,26,28,29,29,30,30,31,34,36,37,37,37,37,37,37,37,37,37,37,37,37,37,37,37,37,37,37,泰州,Taizhou,574.098724360891,568.199337682077,529.239907367845,621.284065198044,766.280621370691
,1,2,3,4,5,5,5,5,6,7,9,10,12,13,13,13,16,17,18,19,19,19,19,19,19,19,20,24,24,24,24,24,24,24,24,24,24,24,泸州,Luzhou,881.098605311357,883.661269990039,932.890214603592,828.785489589345,681.958001429035
1,1,1,2,2,2,2,3,5,7,7,12,17,21,24,24,25,25,27,28,29,30,30,31,31,31,31,31,31,31,31,31,31,31,31,31,31,31,31,洛阳,Luoyang,495.638808505861,337.340408210155,524.590724504189,342.137080028184,484.686025521511
,2,3,7,10,11,14,16,18,19,22,25,29,33,39,41,42,43,44,46,47,47,47,47,47,47,47,47,47,47,47,47,47,47,47,47,47,47,47,济南,Jinan,724.220770437776,596.765125193298,716.562002844561,640.739861256981,828.247816283309
,2,4,5,5,5,8,8,10,14,18,21,23,32,35,35,38,39,39,41,42,43,46,49,51,52,52,52,52,253,253,257,257,258,258,258,258,258,260,济宁,Jining,579.569778185603,457.203698102347,570.968551616776,503.801099533172,691.902477330305
,,,,,,,,,,2,2,2,3,4,4,4,4,4,4,4,4,4,4,4,5,5,5,5,5,5,5,5,5,5,5,5,5,5,济源,Jiyuan,531.291268717272,371.935300738631,557.836665128466,380.421688370318,527.382438518154
,,,,,,,,,,1,3,3,3,3,3,3,3,3,3,3,3,3,3,3,3,3,3,3,3,3,3,3,3,3,3,3,3,3,海北藏族自治州,Haibeizangzuzizhizhou,1432.87546382575,1320.06094135356,1482.72808943235,1287.32351952582,1283.50517419705
3,3,3,6,7,9,9,9,11,11,13,14,16,16,19,21,24,23,28,29,29,29,30,33,33,34,34,34,39,39,39,39,39,39,39,39,39,39,39,海口,Haikou,1229.36500572122,1365.46329801452,1240.51816496364,1330.87243396975,1158.14075066596
,,1,2,2,4,6,8,10,12,12,12,14,14,15,15,15,16,17,20,20,23,28,29,29,29,29,29,29,30,30,30,30,30,30,30,30,30,30,淄博,Zibo,775.997590972027,659.922897144285,762.48324793653,707.174012714292,895.267568302622
,,1,1,2,2,2,2,6,6,8,11,14,17,22,22,22,23,23,24,24,25,25,26,26,27,27,27,27,27,27,27,27,27,27,27,27,27,27,淮北,Huaibei,447.29407162849,350.987978725581,430.458943065462,403.859942279746,587.374078994189
,,1,2,2,2,6,6,6,6,7,8,12,12,14,14,21,22,23,24,24,23,23,23,24,25,27,27,27,27,27,27,27,27,27,27,27,27,27,淮南,Huainan,344.157779997957,299.462261050192,313.960719439664,354.01567291415,516.680180773847
,,1,2,2,3,7,10,12,13,18,22,26,34,37,37,40,44,46,46,47,51,56,60,63,65,66,66,66,66,66,66,66,66,66,66,66,66,66,淮安,Huaian,564.07110278906,521.522201541474,527.91833941787,576.47312877915,741.524942499226
15,20,27,36,49,63,86,110,170,196,226,269,289,314,334,339,354,366,369,375,386,391,400,406,414,415,416,416,416,416,417,417,417,417,417,417,417,417,417,深圳,Shenzhen,875.628724398706,1030.64697551511,870.085127030614,1010.42363379181,873.702333633786
1,2,3,3,5,6,6,6,6,6,6,8,10,10,10,10,10,10,10,10,12,12,12,12,12,12,12,12,12,12,12,12,12,12,12,12,12,12,12,清远,Qingyuan,766.589582148658,915.212624616716,769.234657479063,889.249640242415,738.856066461108
1,10,18,32,60,114,172,227,172,265,291,340,364,396,421,421,438,448,464,474,481,490,496,499,502,503,504,504,504,504,504,504,504,504,504,504,504,504,504,温州,Wenzhou,675.920085298211,781.42339321076,623.058561028707,813.569545178184,857.2106175718
,,,1,3,3,4,5,5,5,6,6,9,9,9,9,9,13,14,14,14,14,14,15,15,15,15,15,15,15,15,15,15,15,15,15,15,15,15,渭南,Weinan,633.077709387085,502.062496110846,677.651176030974,477.062451218807,531.097612427868
,,1,3,3,5,5,6,5,6,9,9,9,9,9,9,10,10,10,10,10,10,10,10,10,10,10,10,10,10,10,10,10,10,10,10,10,10,10,湖州,Huzhou,555.966461233705,600.274256431611,503.412713112044,646.826309226364,755.734861059723
1,2,3,4,6,8,9,10,13,16,19,21,23,24,25,25,28,28,31,32,32,32,34,35,35,35,35,35,35,35,36,36,36,36,36,36,36,36,36,湘潭,Xiangtan,323.737300758099,459.210265282607,342.774049599493,428.937366569918,280.587016578971
,,3,3,3,3,4,5,6,6,6,6,7,7,8,8,8,8,8,8,8,8,8,8,8,8,8,8,8,8,8,8,8,8,8,8,8,8,8,湘西土家族苗族自治州,Xiangxitujiazumiaozuzizhizhou,505.658954055966,566.013607645075,550.187191736071,514.621321265879,329.598270277563
2,2,4,5,5,7,9,11,13,14,14,15,18,19,19,20,20,21,21,21,21,21,22,22,22,22,22,22,22,22,22,22,22,22,22,22,22,22,22,湛江,Zhanjiang,1099.42237249657,1232.78536946002,1112.69590763679,1197.12954340194,1022.80563695903
1,2,2,2,4,4,4,4,6,6,8,11,11,11,11,11,11,11,12,12,12,13,13,13,13,13,13,13,13,13,13,13,13,13,13,13,13,13,13,滁州,Chuzhou,429.966587801596,417.655894860626,388.521614798222,470.665933643944,618.400325181269
,,,,,,1,1,1,1,1,1,,,,,,,,,,,,,,,,,,,,,,,,,,,1,滑县,Huaxian,560.415933845303,408.773971874984,569.879811727643,440.161516401181,618.618053524288
,,1,3,4,6,7,9,9,10,10,11,11,11,11,11,11,11,11,11,12,12,14,14,14,15,15,15,15,15,15,15,15,15,15,15,15,15,15,滨州,Binzhou,832.805391570912,711.76061058103,821.184787878615,757.373807741604,945.325297603367
,,3,6,9,9,11,13,14,16,20,23,24,26,26,26,29,30,30,31,33,33,33,34,34,34,34,34,35,35,35,35,35,35,35,35,35,35,35,漯河,Tahe,338.208824204332,182.167728459542,355.163336605033,212.948973675509,395.375090384355
,,3,4,5,6,7,8,11,12,13,13,15,16,16,16,16,16,16,17,19,19,19,20,20,20,20,20,20,20,20,20,20,20,20,20,20,20,20,漳州,Zhangzhou,729.454800251258,886.72418477748,700.226570859205,887.75746207828,818.252995653688
1,1,2,3,3,5,7,8,9,10,13,13,16,21,27,27,31,36,37,38,38,41,41,42,43,44,44,44,44,44,44,44,44,44,44,44,44,44,44,潍坊,Weifang,809.37479120219,707.03589120443,789.85148629166,757.243228979155,944.223234119515
,,,5,7,8,10,12,27,35,35,44,54,64,74,74,80,82,85,90,90,94,104,116,166,182,185,185,185,188,189,191,194,195,196,197,198,198,198,潜江,Qianjiang,149.35174962001,205.939904303927,202.221904856557,163.184391455398,50.6791326141992
,,,,,,,,3,3,4,4,4,5,5,5,5,5,5,5,5,5,5,5,5,5,5,5,5,5,5,5,5,5,5,5,5,5,5,潮州,Chaozhou,791.989966677664,951.540130213279,769.081327541401,946.503195557029,855.948890361523
,,1,2,2,2,2,2,2,2,2,3,4,4,6,7,7,7,7,8,8,8,8,9,9,9,9,9,9,9,9,9,9,9,9,9,9,9,9,澄迈,Chengmai,1269.39559306274,1403.76648553015,1281.5872816962,1368.28945429818,1193.82241482668
,,,,,,,,,,,,,,10,10,10,10,10,10,10,10,10,10,10,10,10,10,10,10,10,10,10,10,10,10,10,10,10,澳门,Aomen,934.682757441747,1086.30517293759,933.414756277928,1062.38299667665,915.249129104604
,,,,,1,1,3,3,3,3,4,4,5,5,5,7,9,10,11,13,13,13,17,17,17,17,17,17,17,17,17,17,17,17,17,17,17,17,濮阳,Puyang,578.987817107113,431.888893315573,584.56532714749,466.971280006174,648.849993177107
,2,2,4,8,10,13,18,20,20,22,26,26,29,31,34,35,37,39,41,43,46,46,46,46,47,47,47,47,47,47,47,47,47,47,47,47,47,47,烟台,Yantai,1014.44012989005,924.253641933802,989.203955090244,976.010581833209,1161.21015693271
,,,,2,2,2,2,2,7,8,12,15,17,18,18,20,24,25,28,28,29,29,30,30,32,32,32,32,32,32,32,32,32,32,32,32,32,32,焦作,Jiaozuo,533.472683817295,373.924255748821,554.522071279623,390.968684099277,551.730946673637
1,1,1,1,1,1,1,2,6,7,8,8,9,10,11,11,13,12,12,12,12,12,12,12,12,12,13,13,14,14,14,14,14,14,14,14,14,14,14,牡丹江,Mudanjiang,2057.38948617335,1958.41344731365,2033.11127034233,2007.7907345931,2195.3769509135
,1,1,2,2,2,2,4,5,7,8,8,8,8,8,8,9,9,9,9,9,9,9,10,10,10,10,11,11,11,11,11,11,11,11,11,11,11,11,玉林,Yulin,966.625511065223,1093.70362252764,984.09371097288,1055.69148543413,877.630533287022
,,1,1,5,5,6,6,7,11,12,12,12,13,13,13,14,14,14,14,14,14,14,14,14,14,14,14,14,14,14,14,14,14,14,14,14,14,14,玉溪,Yuxi,1350.13355478766,1396.96918107903,1394.15372448277,1342.850838966,1167.45715501244
8,10,10,12,12,14,18,26,38,41,51,64,69,73,73,76,83,83,85,86,87,89,91,95,96,97,98,98,98,98,98,98,98,98,98,98,98,98,98,珠海,Zhuhai,914.132705919511,1066.65968011526,911.84926113199,1043.64006398013,899.040476924806
,,,,1,1,1,1,1,1,1,1,1,1,1,1,1,1,1,1,1,1,1,1,1,1,1,1,1,1,1,1,1,1,1,1,1,1,1,琼中黎族苗族自治,Qiongzhonglizumiaozuzizhi,1348.48708805671,1483.43699622272,1360.1375800184,1448.12292786473,1273.77053555659
,,,,1,1,3,4,4,5,6,6,6,6,6,6,6,6,6,6,6,6,6,6,6,6,6,6,6,6,6,6,6,6,6,6,6,6,6,琼海,Qionghai,1307.31339542424,1445.51384157556,1316.85810721348,1411.87011415844,1240.7264915685
,,,,,,,,,1,1,1,1,2,3,3,6,6,6,6,6,8,8,8,8,8,8,8,8,8,8,8,8,8,8,8,8,8,8,甘南藏族自治州,Gannanzangzuzizhizhou,1176.15264875915,1076.55940728653,1227.8931732506,1038.61088757985,1015.23030476994
,,2,2,3,3,5,5,5,5,6,8,10,12,17,17,17,17,23,27,36,37,43,44,50,57,62,65,67,68,69,69,69,69,71,74,78,78,78,甘孜藏族自治州,Ganzizangzuzizhizhou,1187.79286251688,1158.48744103278,1241.70630331143,1105.92004848426,989.376320079087
,,,,,,,,,,,,,,,,1,1,1,1,1,1,1,1,1,1,1,1,1,1,1,1,1,1,1,1,1,1,1,白城,Baicheng,1833.28547517621,1704.99800453959,1822.50323408739,1746.35656351386,1931.65139424684
,,1,1,1,1,1,1,1,1,1,1,1,2,4,4,4,4,4,4,4,4,4,4,4,4,4,4,4,4,4,4,4,4,4,4,4,4,4,白银,Baiyin,1148.47226753754,1027.85401397563,1196.53889185022,998.274342556585,1012.59819512039
1,1,2,2,2,2,2,2,2,2,2,2,2,2,3,3,3,3,3,3,3,3,3,3,3,3,3,3,3,3,3,3,3,3,3,3,3,3,3,百色,Baise,1056.16674786586,1140.71111176753,1091.07980086102,1091.25513431654,903.616195628142
,4,4,7,10,14,17,20,24,27,30,35,40,41,43,43,44,46,53,54,58,59,59,59,59,59,59,59,59,59,59,59,59,59,59,59,59,60,60,益阳,Yiyang,286.537480448468,398.199493070349,319.721094801337,360.102989123881,192.236622272505
,1,1,1,1,6,6,8,13,15,15,15,15,16,16,16,17,17,18,18,21,25,26,27,27,27,27,27,27,27,27,27,27,27,27,27,27,27,27,盐城,Yancheng,634.931469240007,605.493801940307,594.673624428608,660.159270366067,819.126493336783
,,,,,,,,,,,,,,,,,,,,,,,,,,,,,220,221,253,,,,,,,1,监狱系统,Jianyuxitong,197.076573527635,162.704201916414,250.287910415731,107.966286256586,98.53112178869
,,,2,2,2,3,3,7,5,8,8,8,8,11,11,11,11,11,11,11,11,11,11,11,11,11,11,11,11,11,11,11,11,11,11,11,11,11,盘锦,Panjin,1370.04405157339,1256.25296033774,1352.97026272231,1302.77218557067,1490.82731634291
,,,,,,,,,,,,,,,,,,,,,,,,,,,,,34,36,36,36,36,36,36,36,36,36,省十里丰监狱,Shengshilifengjianyu,480.733592559125,585.027170683022,427.354413473885,616.746980502913,666.471435516723
,,,,,,,,,,,1,1,1,1,1,1,1,1,1,1,1,1,1,1,1,1,1,1,1,1,1,1,1,1,1,1,1,1,石嘴山,Shizuishan,1190.06508687299,1043.09349644649,1228.87846463543,1030.41103136691,1104.17371247083
1,4,5,7,9,10,11,11,12,13,16,21,21,24,24,24,24,24,25,27,27,27,27,27,28,28,28,28,28,28,29,29,29,29,29,29,29,29,29,石家庄,Shijiazhuang,833.215536573174,679.837162318366,842.701468673489,707.436195098535,878.332878335086
,,,,,,,,,,,,,,1,1,1,1,1,2,2,2,2,3,3,3,4,4,4,4,4,4,4,4,4,4,4,4,4,石河子,Shihezi,2916.79147417147,2790.37838647917,2963.98166704484,2764.39418701371,2778.68674618528
,,,,1,3,5,7,7,7,7,10,10,10,10,10,10,10,10,10,10,10,10,10,10,10,10,10,10,10,11,11,11,11,11,11,11,11,11,神农架林区,Shennongjialinqu,383.841600302125,326.247889305568,437.633171155661,274.624970734103,218.43220578473
1,5,6,13,18,24,30,32,39,44,47,53,55,56,57,57,59,62,63,63,64,64,66,66,68,69,71,71,71,71,71,71,71,71,71,72,72,72,72,福州,Fuzhou,693.856517620601,833.246661665659,649.801021888469,850.493293645463,837.679967047388
,,,,,,,,1,1,2,2,3,3,5,5,7,7,7,9,9,9,9,10,10,10,10,10,10,10,10,10,10,10,10,10,10,10,10,秦皇岛,Qinhuangdao,1149.98799849597,1026.42994017995,1138.12876989,1070.36929084367,1257.63618611587
,,1,1,2,2,4,4,4,5,5,5,5,5,5,5,5,5,6,6,7,7,8,8,8,8,8,8,8,9,9,9,9,9,9,9,9,9,9,红河哈尼族彝族自治州,Honghehanizuyizuzizhizhou,1342.31423707552,1404.5756320487,1382.79982595208,1351.75295611502,1169.85170175558
1,4,5,6,7,19,19,23,19,27,30,30,30,33,34,34,36,38,41,41,41,41,42,42,42,42,42,42,42,42,42,42,42,42,42,42,42,42,42,绍兴,Shaoxing,605.918057100979,671.360407116072,551.692505047654,714.056024269931,803.74480075564
1,1,2,3,8,8,10,12,13,14,16,22,24,29,39,39,44,35,37,39,43,45,45,46,46,46,46,47,47,47,47,47,47,47,47,47,47,47,47,绥化,Suihua,2096.5597139534,1979.78939891479,2079.71491855515,2024.8604790891,2212.47677192168
2,2,5,7,8,8,9,11,12,14,17,17,17,18,19,19,20,20,21,21,22,22,22,22,22,22,22,22,22,22,22,22,22,22,22,22,22,22,22,绵阳,Mianyang,920.797313693191,871.364381205205,975.294009792256,821.050811810416,729.137823563527
,1,1,1,3,3,5,7,7,9,9,10,12,15,20,20,27,33,34,37,38,38,38,38,38,38,38,38,38,38,38,38,38,38,38,38,38,38,38,聊城,Liaocheng,675.532269816832,537.137213827981,674.370587183093,576.730382827464,761.832404365947
1,2,4,4,4,5,5,6,6,7,7,10,11,13,14,14,14,14,15,15,16,16,17,17,17,17,18,18,18,18,19,19,19,19,19,19,19,19,19,肇庆,Zhaoqing,848.265586199451,993.545878750618,853.66732429786,964.960932040916,807.148349971985
,1,1,2,7,7,7,9,9,9,9,9,9,9,9,9,9,9,9,9,9,9,9,9,9,9,9,9,9,9,9,9,9,9,9,9,9,9,9,自贡,Zigong,929.107882749603,920.097534341265,981.899128278094,865.697634074002,729.339811344436
1,2,2,4,4,6,6,7,6,7,7,7,7,7,7,7,7,7,7,10,10,10,10,10,10,10,10,10,10,10,10,10,10,10,10,10,10,10,10,舟山,Zhoushan,757.992915233986,815.966364796592,703.953143319727,860.766307753313,956.401499558231
,1,3,6,9,11,14,14,15,16,16,21,23,26,27,27,29,29,30,31,31,31,31,31,31,31,33,33,33,33,33,33,33,33,33,33,34,34,34,芜湖,Wuhu,399.209747185071,429.07721812629,349.805710689744,476.851544015023,597.480260144265
2,3,7,8,12,20,24,32,34,38,44,52,2,60,69,69,72,75,77,80,84,85,85,86,86,86,87,87,87,87,87,87,87,87,87,87,87,87,87,苏州,Suzhou,609.53128438114,640.010831281861,558.353822905014,689.024604435425,808.828273018704
,,,,,2,3,3,3,3,4,5,6,6,6,6,8,10,10,11,13,13,13,13,13,14,14,14,14,14,14,14,14,14,14,14,14,14,14,茂名,Maoming,1037.55735705677,1173.74743595004,1049.18161249223,1139.55029167392,968.230916564457
8,10,33,47,71,101,151,221,287,333,499,613,713,801,885,885,941,997,1045,1075,1110,1431,1447,1478,1490,1501,1537,1541,1510,1560,1566,1574,1574,1576,1577,1579,1579,1579,1579,荆州,Jingzhou,212.702798777687,241.515828656525,266.191222449469,190.756372239579,15.3603320553794
8,21,38,90,114,142,191,227,251,329,345,400,422,508,553,553,588,663,641,656,696,927,901,902,909,915,900,901,794,912,914,918,920,920,922,923,924,924,925,荆门,Jingmen,210.383186984431,191.505110696626,264.593558459801,137.07385726007,76.3708005832949
,,,1,10,14,17,22,25,27,34,37,38,42,44,44,47,47,51,51,52,54,54,55,55,55,55,55,55,55,55,55,55,55,55,56,56,56,56,莆田,Putian,727.692236933648,873.351445409606,687.037674050441,886.471595768484,858.002654336846
,,1,3,4,7,7,7,8,8,9,10,12,12,13,13,14,16,16,17,18,18,18,18,18,18,18,18,18,18,18,18,18,18,18,18,18,18,18,菏泽,Heze,536.893179273273,397.763169816682,537.691473226308,438.224180801696,624.360429504106
1,1,2,2,2,2,5,8,9,15,18,20,22,23,24,24,24,24,25,26,29,29,31,32,32,33,33,33,33,33,33,33,33,33,33,33,33,33,33,萍乡,Pingxiang,326.727848590477,478.901419802569,330.080852319274,458.718685310617,341.011195627942
,,,1,1,1,1,1,1,1,1,1,1,1,1,1,1,1,1,1,1,1,1,1,1,1,1,1,1,1,1,1,1,1,1,1,1,1,1,营口,Yingkou,1329.80939548216,1219.54103618189,1311.29830037631,1267.0131709908,1455.10807105294
,2,2,2,2,2,4,4,5,5,5,5,6,7,7,9,9,9,9,11,11,11,11,11,12,12,12,12,12,12,12,12,12,12,12,12,12,12,12,葫芦岛,Huludao,1279.12838916938,1160.09638543979,1264.6875292018,1205.25306304093,1392.99068902251
1,1,1,3,3,3,8,15,16,26,37,43,48,64,88,88,99,115,126,134,141,146,149,153,157,158,158,159,160,160,160,160,160,160,160,160,160,160,160,蚌埠,Bengbu,392.227260757281,341.475396859878,362.013161760103,396.382228052241,562.797093894565
,,,,2,3,4,4,4,4,4,5,5,7,7,7,7,8,8,8,8,8,8,8,8,8,8,8,8,8,8,8,8,8,8,8,8,8,8,衡水,Hengshui,809.15162032055,664.360900543682,811.319499867515,699.444420169253,879.951798949843
,3,3,4,7,17,20,25,26,30,32,35,39,43,43,43,43,45,45,45,45,45,46,47,47,48,48,48,48,48,48,48,48,48,48,48,48,48,48,衡阳,Hengyang,434.833582286197,567.0520921636,453.582036610785,533.859613867496,371.85051857325
2,2,3,5,5,8,10,12,10,13,14,15,15,15,15,15,15,15,15,21,21,21,21,21,21,21,21,21,21,14,14,14,14,14,14,14,14,14,14,衢州,Quzhou,474.228711527869,578.540013881613,420.835013440705,610.215831318905,660.109980591292
,,2,36,70,131,163,286,347,441,548,632,735,787,838,838,907,988,1019,1063,1088,1101,1111,1128,1144,1155,1163,1165,1167,1171,1173,1173,1174,1175,1175,1175,1175,1175,1175,襄阳,Xiangyang,272.588154443057,160.426728950846,318.600874321951,120.861235821528,210.28332334599
,1,1,1,6,6,10,12,12,12,13,13,14,15,15,15,15,15,15,15,15,15,15,15,15,15,15,15,15,15,15,15,15,15,15,15,15,15,15,西双版纳傣族自治州,Xishuangbannadaizuzizhizhou,1643.80070359944,1700.10026426801,1685.29240580291,1646.56552223419,1467.40064670964
,,1,4,6,6,6,8,9,9,12,12,14,15,15,15,15,15,15,15,15,15,15,15,15,15,15,15,15,15,15,15,15,15,15,15,15,15,15,西宁,Xining,1344.33845645274,1232.37670402757,1394.29733378204,1199.21132961732,1194.80599665322
2,2,2,12,15,18,22,32,39,47,47,60,70,74,80,80,88,96,98,104,110,114,114,114,114,117,117,118,120,120,120,120,120,120,120,120,120,120,120,西安,Xian,653.450493300766,531.240751349832,700.401828059011,501.390332365234,535.421898732741
,,,1,2,2,3,8,12,13,15,19,24,26,28,28,30,31,31,32,34,34,37,37,38,38,38,39,39,39,39,39,39,39,39,39,39,39,39,许昌,Xuchang,390.967349286755,233.085847904118,409.360560884048,258.473360688512,434.801638147197
,,,,,,,,,4,5,5,5,7,7,7,7,7,8,8,8,8,8,8,8,8,8,8,8,8,8,8,8,8,8,8,8,8,8,贵港,Guigang,944.853491073422,1064.91400726154,966.124474128754,1024.41162925897,842.507765203474
1,1,1,1,1,1,1,1,4,6,,,12,15,18,18,18,24,27,29,31,33,34,34,34,36,36,36,36,36,36,36,36,36,36,36,36,36,36,贵阳,Guiyang,862.680657694472,916.873786306517,906.329000507208,863.737024550866,683.540382163519
,,,,,,1,1,1,3,4,4,4,4,4,4,4,4,4,4,4,4,4,4,4,4,4,4,4,4,4,4,4,4,4,4,4,4,4,贺州,Hezhou,729.659411450846,863.687328288968,744.132087682691,829.37387944912,659.693106538069
,,,2,2,2,2,2,2,2,2,2,2,2,2,2,2,3,3,3,3,3,3,3,3,3,3,3,3,3,3,3,3,4,4,4,4,4,4,资阳,Ziyang,933.957497838933,908.774617771138,987.819240184618,855.536744139139,735.426823980797
,2,7,7,10,16,21,27,30,34,35,42,48,52,59,59,64,69,71,72,72,76,76,76,76,76,76,76,76,76,76,76,76,76,76,76,76,76,76,赣州,Ganzhou,520.993479275367,679.927866146267,508.69725037696,667.493140503693,562.125162075846
,,,,,,,,,,,,,,,,,,1,1,1,1,1,1,1,1,1,1,1,1,1,1,1,1,1,1,1,1,1,赣江新区,Ganjiangxinqu,244.854294594486,394.4321977404,206.568190509965,403.950579929106,394.377750920513
,,1,1,2,2,2,2,2,2,2,2,3,3,4,4,4,4,4,4,5,5,7,7,9,9,9,9,9,9,9,9,9,9,9,9,9,9,9,赤峰,Chifeng,1367.01097135973,1230.79757968089,1361.56407470649,1269.23158079152,1452.06467650163
,,,,,,,,,,,3,3,5,5,5,6,6,6,6,6,6,6,7,7,7,7,7,7,7,7,7,7,7,7,7,7,7,7,辽源,Liaoyuan,1683.80968821546,1575.97392315618,1663.55737679561,1623.67587174631,1811.75890092766
,,,,,1,1,1,1,1,2,2,2,2,2,2,3,3,3,3,3,3,3,3,3,3,3,3,3,3,3,3,3,3,3,3,3,3,3,辽阳,Liaoyang,1435.23629309007,1326.93762112855,1415.64143375879,1374.75888592452,1562.82485293743
1,1,1,3,3,4,6,8,9,9,11,13,17,20,23,23,25,25,28,30,33,36,36,36,36,38,39,40,40,41,41,41,41,42,42,42,42,42,42,达州,Dazhou,656.184668714719,613.919693496278,710.677219695031,561.94313686029,464.767168721082
,2,2,2,3,4,7,8,10,10,13,16,17,17,17,17,17,18,18,19,19,19,19,19,19,19,19,19,19,19,19,19,19,19,19,19,19,19,19,运城,Yuncheng,589.882788432368,440.014578880928,626.551195635483,430.329489111125,534.404113017735
1,1,3,3,3,3,6,9,13,13,14,17,20,22,24,24,27,32,35,37,39,42,45,46,48,48,48,48,48,48,48,48,48,48,48,48,48,48,48,连云港,Lianyungang,641.073916393776,571.726538480171,611.64189954364,626.161581789429,803.350721632847
,,,,,1,1,1,1,1,1,1,1,1,2,2,2,3,3,3,3,3,3,3,3,3,3,3,4,4,4,4,6,6,6,6,6,6,6,通化,Tonghua,1602.28948246165,1506.92906379763,1577.275833251,1557.24144583434,1744.15870715169
,,,1,1,1,1,1,1,1,1,1,1,1,2,2,3,3,6,6,6,6,6,6,6,6,7,7,7,7,7,7,7,7,7,7,7,7,7,通辽,Tongliao,1616.4515056828,1492.43737593545,1603.73844039132,1535.56082538825,1722.22586217279
1,2,2,2,3,3,4,5,5,5,5,5,5,5,5,5,6,8,10,10,10,10,10,10,12,17,17,17,17,17,17,17,17,17,17,17,17,17,17,遂宁,Suining,837.689741590241,808.528440328251,891.804519482299,755.52818094529,640.257675802345
,,,,,,1,1,4,5,8,9,9,9,12,12,15,15,19,24,25,25,28,31,32,32,32,32,32,32,32,32,32,32,32,32,32,32,32,遵义,Zunyi,785.831832896051,823.093629075862,833.099455238999,768.794054580742,596.525271291234
,,,,,,,,,14,,,,,,,,,,,,,,,,,,,,,,,,,,,,,14,邓州,Dengzhou,321.424236915425,194.035062456404,365.035184201184,164.441271753682,261.38365495561
,,,1,2,3,5,7,10,10,14,16,16,19,19,20,21,21,21,21,21,21,22,22,22,23,23,23,23,23,23,23,23,23,23,23,23,23,23,邢台,Xingtai,724.471602248205,571.477989378735,734.057511069186,600.076385807862,773.359668173995
,,2,2,4,4,6,7,10,11,11,14,14,18,22,22,26,27,27,27,29,31,31,31,31,31,31,31,31,31,31,32,32,32,32,32,32,32,32,邯郸,Handan,674.525750171453,521.692319763914,684.238870423061,550.800031536233,725.270609247825
,2,2,8,11,19,29,36,41,49,51,55,68,74,83,83,86,87,89,91,94,99,100,100,101,101,101,102,102,102,102,102,102,102,102,102,102,102,102,邵阳,Shaoyang,457.041061152473,570.865292585966,485.264982968677,530.808241669373,352.495839940262
3,6,20,29,37,40,46,50,56,65,72,85,92,102,112,112,120,126,130,132,137,141,142,144,148,151,154,156,156,157,157,157,157,157,157,157,157,157,157,郑州,Zhengzhou,474.265179910686,315.914291263883,492.56189601593,338.341477003063,508.468609936973
1,1,3,6,7,7,10,12,13,18,21,22,24,25,29,29,31,32,32,33,38,38,39,39,39,39,39,39,39,39,39,39,39,39,39,39,39,39,39,郴州,Chenzhou,539.733988439889,685.17923301793,547.065911675724,658.039988169574,508.895103620439
,,2,2,2,2,3,3,5,6,9,9,11,11,11,11,11,11,11,11,11,11,11,11,11,11,11,11,11,11,11,11,11,11,11,11,11,11,11,鄂尔多斯,Eerduosi,1103.41483925664,944.589878564698,1130.72885073994,949.094453834796,1071.85147572702
,1,1,20,57,84,123,189,227,278,306,332,382,423,471,471,569,639,725,790,861,1065,1125,1192,1230,1274,1339,1343,1338,1373,1375,1379,1383,1385,1387,1389,1389,1390,1391,鄂州,Ezhou,58.2169246026553,194.463782078841,6.63220865468053,206.881650115094,255.18190160817
27,57,75,110,132,147,165,206,238,262,300,337,366,389,411,426,446,468,486,505,518,529,537,544,551,553,555,560,567,572,573,575,576,576,576,576,576,576,576,重庆,Chongqing,756.18448837592,751.23984342032,808.92416035229,696.520935245455,556.423532588157
1,2,3,5,7,13,20,27,20,34,36,40,44,47,48,48,52,53,53,53,54,55,55,55,55,55,55,55,55,55,55,55,55,55,55,55,55,55,55,金华,Jinhua,537.994887495224,631.367443873891,483.852714497345,666.739546819699,728.134102371077
,,,,1,1,1,1,1,1,1,1,1,1,1,1,1,1,1,1,1,1,1,1,1,1,1,1,1,1,1,1,1,1,1,1,1,1,1,金昌,Jinchang,1419.58855393114,1290.79956350128,1465.74175495673,1265.6051262645,1292.51923825028
,,,,,,1,1,1,2,2,3,4,7,7,7,8,8,8,8,8,8,8,8,8,8,8,8,8,8,8,8,8,8,8,8,8,8,8,钦州,Qinzhou,1105.74907622233,1222.1697686541,1128.20690645462,1180.13773910371,995.960433045254
,2,2,2,2,2,2,2,2,2,3,3,3,3,3,3,3,4,4,4,7,7,7,7,7,7,7,7,7,7,7,7,7,7,7,7,7,7,7,铁岭,Tieling,1561.78258507354,1451.20172413186,1542.90272741389,1498.34179108622,1686.44221406043
1,2,2,2,2,2,2,2,3,3,6,6,6,6,6,6,6,7,8,9,10,10,10,10,10,10,10,10,10,10,10,10,10,10,10,10,10,10,10,铜仁,Tongren,584.677918585373,649.524166185718,627.465348594685,598.318034580876,412.792804428408
,,,5,5,5,5,5,5,6,7,7,7,7,8,8,8,8,8,8,8,8,8,8,8,8,8,8,8,8,8,8,8,8,8,8,8,8,8,铜川,Tongchuan,702.656308848178,567.789635428017,746.185574729786,545.426927285328,603.704471947695
,3,3,3,9,9,10,14,16,16,18,19,19,20,22,22,23,24,25,27,27,28,28,28,28,28,29,29,29,29,29,29,29,29,29,29,29,29,29,铜陵,Tongling,339.222044389286,387.594028211849,287.822477324543,431.557528768502,538.800549431628
1,1,2,5,7,7,9,11,15,16,19,20,20,25,27,27,29,28,28,30,31,32,32,33,33,33,33,33,33,33,33,33,33,33,33,33,33,34,34,银川,Yinchuan,1149.19475413883,1005.30241472304,1189.59285363405,989.95127755745,1055.9567468186
,1,2,2,2,2,2,2,2,2,2,2,2,2,2,2,2,2,2,2,2,3,5,6,6,8,8,9,9,9,9,9,9,9,9,9,9,9,9,锡林郭勒,Xilinguolei,1497.04349514559,1346.9308590955,1501.70806367462,1376.22768617789,1546.66936253345
,,,,,4,4,4,7,7,7,7,7,7,7,8,10,10,11,11,12,12,12,12,12,12,12,12,12,12,12,12,12,12,12,12,12,12,12,锦州,Jinzhou,1328.52575739056,1209.29974649374,1314.04851587836,1254.32450138572,1442.0076199831
,,,2,2,2,2,2,2,3,3,5,6,8,9,9,11,12,12,12,12,12,12,12,12,12,12,12,12,12,12,12,12,12,12,12,12,12,12,镇江,Zhenjiang,522.346923349618,523.070534051382,476.694445171763,575.354957549787,715.941427292
,,,,,,1,2,2,2,1,1,,,,,,,,,,,,,,,,,,,,,,,,,,,1,长垣,Zhangyuan,519.006748678511,369.489101448767,527.114260286498,403.35296238271,584.706950094191
1,1,1,1,1,1,4,4,6,12,16,17,27,28,31,32,32,37,39,40,42,42,43,44,45,45,45,45,45,45,45,45,45,45,45,45,45,45,45,长春,Changchun,1773.72039071895,1662.2196404373,1754.89560917412,1708.94949635977,1897.01913710531
8,8,18,22,24,46,57,68,86,112,125,148,164,179,190,190,196,205,213,219,223,228,238,241,241,241,241,241,242,242,242,242,242,242,242,242,242,242,242,长沙,Changsha,285.889458972129,420.517098380038,306.723716316704,390.572161179557,246.533063690539
,1,1,1,1,1,3,3,3,3,3,3,3,5,5,5,5,7,7,7,8,8,8,8,8,8,8,8,8,8,8,8,8,8,8,8,8,8,8,长治,Zhangzhi,638.092468969596,478.701167059238,658.046156096715,495.720398871835,653.209057786924
,,,,,,,,1,2,3,5,7,7,7,7,7,7,8,8,8,8,8,8,8,8,8,8,8,8,8,8,8,8,8,8,8,8,8,阜新,Fuxin,1433.12244264749,1312.61600522718,1419.01658722305,1357.10477494341,1544.55181038157
2,7,10,10,21,23,28,38,47,59,65,79,84,95,105,105,113,118,125,132,138,142,146,150,152,153,154,155,155,155,155,155,155,155,155,155,155,155,155,阜阳,Fuyang,298.781508000352,208.608070868055,285.906547975338,263.234486107189,441.58167441648
,2,2,3,3,5,5,7,8,8,9,11,13,15,15,15,16,16,17,17,17,17,17,17,18,18,18,18,19,19,19,19,19,19,19,19,19,19,19,防城港,Fangchenggang,1151.94043484347,1267.76037491016,1174.54209497482,1225.45981647348,1040.92080743847
3,5,6,8,8,10,10,10,10,10,10,12,12,13,13,13,13,13,13,13,13,13,13,13,13,13,13,13,13,13,13,13,14,14,14,14,14,14,14,阳江,Yangjiang,989.018558993316,1132.57984171952,995.342589230619,1102.5366737709,940.243762130414
,,1,1,1,1,1,1,1,1,2,2,2,3,4,4,4,4,4,4,4,4,4,4,4,4,4,4,4,4,4,4,4,4,4,4,4,4,4,阳泉,Yangquan,815.937070974073,658.599421739163,830.628114622955,680.504719506238,842.795275797141
,,,,,,,1,1,1,1,1,1,1,1,1,1,1,1,1,1,1,1,1,1,1,1,1,1,1,1,1,1,1,1,1,1,1,1,阿克苏,Akesu,3266.82718616519,3157.11238607469,3317.63098773389,3123.82196783953,3107.31882379821
,,,,,,,1,1,1,1,1,1,1,1,1,1,1,1,1,1,1,1,1,1,1,1,1,1,1,1,1,1,1,1,1,1,1,1,阿坝藏族羌族自治州,Abazangzuqiangzuzizhizhou,1160.83656254743,1104.32278632515,1215.31581519829,1055.56038734492,970.534934554246
,,,1,1,1,1,3,3,3,4,4,4,4,4,4,4,4,4,4,4,4,4,4,4,4,4,4,4,4,4,4,4,4,4,4,4,4,4,陇南,Longnan,941.444033650059,857.443707052887,994.619341211612,814.358453193829,770.084604192955
,,1,1,1,1,2,2,3,5,5,5,4,4,4,4,4,4,4,4,4,4,4,4,4,4,4,4,4,4,4,4,4,4,4,4,4,4,4,陵水黎族自治,Lingshuilizuzizhi,1394.44661659279,1530.77623855859,1405.10032736606,1496.07131528965,1322.72615900983
,5,36,52,70,116,143,228,304,384,458,641,706,834,915,915,953,984,1049,1095,1129,1160,1206,1232,1254,1267,1278,1280,1283,1292,1296,1300,1303,1305,1306,1307,1307,1307,1307,随州,Suizhou,159.741874640255,55.0134151362414,200.758724813845,0,188.101879001615
1,1,1,1,2,2,2,3,5,5,5,5,6,6,6,6,6,6,6,6,6,7,7,7,7,7,7,7,7,7,7,7,7,7,7,7,7,7,7,雅安,Yaan,1092.69743328433,1067.02130483394,1146.47464686085,1014.00089017946,893.902502988809
3,4,6,10,13,15,18,21,21,22,25,29,34,41,43,44,46,49,53,53,53,53,55,56,57,57,58,59,59,59,59,59,60,60,60,60,60,60,60,青岛,Qingdao,832.253145791844,750.49582707724,805.122554462453,803.600612400973,986.037551896671
,,,,,,,,1,,1,1,1,1,3,3,3,3,3,3,3,3,4,4,4,4,4,4,4,4,4,4,4,4,4,4,4,4,4,鞍山,Anshan,1405.04480697349,1295.89397417434,1385.87648637208,1343.54615812757,1531.62949699429
,,,,,,1,1,1,1,1,1,1,1,1,1,1,1,1,1,1,1,1,1,1,1,1,1,1,1,1,1,1,1,1,1,1,1,1,韩城,Hancheng,656.748944229258,507.801712138138,694.056341962559,497.056753032858,593.869039239103
3,3,3,4,4,4,4,4,4,5,5,6,6,6,6,6,6,6,6,7,7,8,8,10,10,10,10,10,10,10,10,10,10,10,10,10,10,10,10,韶关,Shaoguan,633.092724256501,785.164289595309,632.684044024008,762.601270811948,623.655720983519
,,,,,,,,,,,,,,21,25,26,26,38,49,50,53,56,56,57,58,61,63,67,68,69,74,79,84,89,92,94,94,96,香港,Xianggang,922.049691200692,1077.19895056432,916.165061010064,1057.03511206058,919.900274575996
,4,7,7,10,11,14,14,22,27,28,28,30,30,30,30,31,31,31,32,32,32,34,35,36,36,36,37,37,37,38,38,38,38,38,38,38,38,38,马鞍山,Maanshan,414.415691092244,434.85049698359,366.425213188128,484.127055720458,611.338327327162
,2,7,9,10,16,25,30,40,46,58,72,82,98,106,106,113,116,123,126,128,134,137,138,138,138,139,139,139,139,139,139,139,139,139,139,139,139,139,驻马店,Zhumadian,274.150983133795,118.002556631777,292.934065666686,152.400849309758,338.525751006102
,,,,,1,1,2,4,4,6,9,12,21,29,29,31,34,34,38,43,44,44,45,46,46,46,46,46,46,46,46,46,46,46,46,46,46,46,鸡西,Jixi,2190.50326400871,2092.25684826449,2165.81401998241,2141.71672765742,2329.25930294334
,,,2,2,5,6,6,6,8,8,10,10,10,11,11,13,17,17,18,19,19,19,19,19,19,19,19,19,19,19,19,19,19,19,19,19,19,19,鹤壁,Hebi,596.830409672939,442.119052731346,609.060406724861,469.614576058994,643.106658195113
,,,,,,1,1,1,1,1,2,2,2,2,2,3,4,5,5,5,5,5,5,5,5,5,5,5,5,5,5,5,5,5,5,5,5,5,鹤岗,Hegang,2315.01991202831,2205.77375479624,2294.63337999805,2252.76797474566,2440.85615581392
,,,,1,1,3,4,4,8,8,8,9,9,10,10,11,11,12,14,18,18,18,18,18,18,18,18,18,18,18,18,18,18,18,18,18,18,18,鹰潭,Yingtan,365.553985500984,507.1120398217,321.864751400241,522.357921753274,519.442217800233
12,64,122,154,213,324,496,573,726,1002,1246,1422,1645,1807,1897,1897,2041,2141,2252,2332,2398,2662,2791,2817,2823,2831,2828,2844,2839,2883,2899,2904,2904,2904,2904,2904,2904,2904,2905,黄冈,Huanggang,54.4968338157273,187.881106935653,0,200.758724813845,252.865795362741
,,1,1,4,7,7,9,9,9,9,9,9,9,9,9,9,9,9,9,9,9,9,9,9,9,9,9,9,9,9,9,9,9,9,9,9,9,9,黄山,Huangshan,363.031455890969,437.267487773273,308.878272706199,476.213078981237,561.303413323888
,,31,36,53,86,113,168,209,252,334,405,509,566,635,635,703,760,805,835,874,911,943,980,988,983,985,983,967,992,997,1001,1005,1008,1011,1013,1013,1013,1014,黄石,Huangshi,82.9537910469808,221.466964878523,33.9934670637443,234.583030364296,274.455795069666
,,,,,,,,,1,1,1,1,1,1,1,2,2,4,4,6,10,13,13,14,14,14,14,14,14,14,14,14,14,14,14,14,14,14,黑河,Heihe,2450.31064981709,2324.06384040584,2437.85265695065,2365.82595560068,2551.30065240108
,,,,,,1,1,2,4,4,4,5,5,5,5,5,7,8,10,10,10,10,10,10,10,10,10,10,10,10,10,10,10,10,10,10,10,10,黔东南苗族侗族自治州,Qiandongnanmiaozudongzuzizhizhou,756.941426839372,825.175854734159,797.749354491341,773.839866264755,588.439795205911
1,1,1,2,4,4,4,4,4,5,5,6,6,6,7,7,7,7,8,16,17,17,17,17,17,17,17,17,17,17,17,17,17,17,17,17,17,17,17,黔南布依族苗族自治州,Qiannanbuyizumiaozuzizhizhou,815.058053506179,882.509623431363,855.773921295083,830.9327748202,645.981636001993
,,1,1,1,1,1,1,1,1,1,2,,3,3,3,4,4,4,4,4,4,4,4,4,4,4,4,4,4,4,4,4,4,4,4,4,4,4,黔西南布依族苗族自治州,Qianxinanbuyizumiaozuzizhizhou,1104.28351148266,1161.00920923258,1146.61159527535,1107.82773318093,927.474572554652
,,1,1,2,3,3,3,3,3,3,6,20,26,27,27,27,27,30,32,33,33,36,36,38,42,43,43,43,43,43,43,43,43,43,43,43,43,43,齐齐哈尔,Qiqihaer,2041.74010328132,1912.79977297108,2031.08101456841,1953.75024822885,2138.62203161097
,,,,,1,1,1,1,1,1,2,2,2,4,4,5,6,6,6,6,6,6,6,6,6,6,6,6,6,6,6,6,6,6,6,6,6,6,龙岩,Longyan,654.799905292121,812.302369494033,626.090051813501,812.989367828906,744.599212421539
