2020-01-23,2020-01-24,2020-01-25,2020-01-26,2020-01-27,2020-01-28,2020-01-29,2020-01-30,2020-01-31,2020-02-01,2020-02-02,2020-02-03,2020-02-04,2020-02-05,2020-02-06,2020-02-07,2020-02-08,2020-02-09,2020-02-10,2020-02-11,2020-02-12,2020-02-13,2020-02-14,2020-02-15,2020-02-16,2020-02-17,2020-02-18,2020-02-19,2020-02-20,2020-02-21,2020-02-22,2020-02-23,2020-02-24,2020-02-25,2020-02-26,2020-02-27,2020-02-28,2020-02-29,2020-03-01,2020-03-02,2020-03-03,2020-03-04,2020-03-05,2020-03-06,2020-03-07,2020-03-08,2020-03-09,2020-03-10,2020-03-11,2020-03-12,2020-03-13,2020-03-14,2020-03-15,2020-03-16,2020-03-17,2020-03-18,2020-03-19,2020-03-20,2020-03-21,2020-03-22,2020-03-23,2020-03-24,2020-03-25,2020-03-26,2020-03-27,2020-03-28,2020-03-29,cityName,cityName-en
,,,0,0,0,0,0,0,0,0,0,0,0,0,0,0,0,0,0,0,1,1,4,4,4,6,6,6,6,9,10,10,10,11,12,13,13,13,13,13,13,14,15,16,16,16,16,16,16,16,16,17,17,17,17,17,17,17,17,17,17,17,17,17,17,17,七台河,Qitaihe
0,0,0,0,0,0,0,0,0,0,0,0,0,0,0,0,0,0,0,0,1,1,1,3,4,4,8,9,9,9,9,9,10,10,11,12,12,12,12,12,12,13,13,13,13,13,13,13,13,13,13,13,13,13,13,13,13,13,13,13,13,13,13,13,13,13,13,万宁,Wanning
0,0,0,0,0,0,0,0,0,0,0,0,0,0,0,8,8,11,11,11,11,16,18,15,15,15,22,22,22,30,48,33,39,40,42,43,43,52,50,50,51,52,52,52,52,53,53,53,53,53,53,53,53,53,53,53,53,53,53,53,53,53,53,53,53,53,53,三亚,Sanya
,,0,0,0,0,0,0,0,0,0,0,0,0,0,0,1,1,1,1,1,1,3,3,3,3,3,3,5,5,5,5,5,8,8,8,12,12,12,12,12,12,14,14,14,14,14,14,14,14,14,14,14,14,14,14,14,14,14,14,14,14,14,14,14,14,14,三明,Sanming
0,0,0,0,0,0,0,0,0,0,0,0,0,0,0,2,3,3,3,3,3,3,4,4,4,4,4,4,5,6,6,6,6,6,6,6,6,6,6,6,6,6,6,6,6,6,6,6,6,6,6,6,6,6,6,6,6,6,6,6,6,6,6,6,6,6,6,三门峡,Sanmenxia
0,1,1,1,3,4,5,5,9,10,10,10,12,15,25,30,41,44,48,53,57,62,90,124,140,161,177,186,199,211,227,249,261,268,272,276,279,287,290,292,294,298,303,306,313,314,315,319,320,321,324,324,324,325,325,326,326,326,327,328,329,330,330,331,334,334,334,上海,Shanghai
,0,0,0,0,0,0,1,1,1,4,4,5,5,5,5,5,7,12,13,15,17,18,20,38,35,39,47,55,64,75,88,90,97,101,101,109,111,111,116,120,121,122,122,122,122,122,122,123,123,123,123,123,123,123,123,123,123,123,123,123,123,123,123,123,123,123,上饶,Shangrao
,,,,0,0,0,0,0,0,0,0,0,0,0,0,0,0,0,0,1,1,1,2,2,2,2,2,2,2,2,2,2,2,2,2,2,2,2,2,2,2,2,2,2,2,2,2,2,2,2,2,2,2,2,2,2,2,2,2,2,2,2,2,2,2,2,东方,Dongfang
,0,0,0,0,0,0,0,0,0,0,0,0,0,0,1,1,2,3,7,7,7,10,7,15,15,24,24,26,26,31,31,40,40,40,47,55,63,66,74,82,86,88,94,95,96,96,96,96,96,96,97,97,97,97,98,98,98,99,99,99,99,99,99,99,99,99,东莞,Dongguan
0,0,0,0,0,0,0,0,0,0,0,0,0,0,0,0,0,2,2,2,2,2,2,3,3,3,3,3,3,3,3,3,3,3,3,3,3,3,3,3,3,3,3,3,3,3,3,3,3,3,3,3,3,4,4,4,4,4,4,4,4,4,4,4,4,4,4,中卫,Zhongwei
0,0,0,0,0,0,0,0,0,0,0,0,0,0,0,6,11,14,14,16,21,22,26,31,34,39,40,40,42,42,46,49,51,53,55,55,58,58,59,59,60,61,62,62,62,62,62,62,63,64,64,64,64,64,64,64,64,64,64,64,64,64,64,64,64,68,68,中山,Zhongshan
,,0,0,0,0,0,0,0,0,0,0,0,0,0,2,2,2,2,2,2,3,3,3,3,3,3,3,3,3,3,3,3,3,3,3,3,3,3,3,3,3,3,3,3,3,3,3,3,3,3,3,3,3,3,3,3,3,3,3,3,3,3,3,3,3,3,临夏回族自治州,Linxiahuizuzizhizhou
,,,0,0,0,0,0,0,0,0,0,0,1,1,1,1,1,1,1,1,1,1,1,1,1,1,1,1,1,1,1,2,2,2,2,2,2,2,2,2,2,2,2,2,2,2,2,2,2,2,2,2,2,2,2,2,2,2,2,2,2,2,2,2,2,2,临汾,Linfen
0,0,0,0,0,0,0,0,0,0,0,1,1,1,3,3,3,8,8,10,10,12,25,25,32,32,37,41,41,44,44,44,44,44,45,45,45,45,46,47,47,47,48,48,48,48,48,48,48,48,48,49,49,49,49,49,49,49,49,49,49,49,49,49,49,49,49,临沂,Linyi
,,,,,,,,0,0,0,0,0,0,0,0,0,0,0,0,0,0,0,1,1,1,1,1,1,1,1,1,1,1,1,1,1,1,1,1,1,1,1,1,1,1,1,1,1,1,1,1,1,1,1,1,1,1,1,1,1,1,1,1,1,1,1,临沧,Lincang
0,0,0,0,0,0,0,0,0,0,0,0,0,0,0,0,0,1,1,1,1,1,2,3,3,4,4,4,4,4,4,4,4,4,5,6,6,6,6,6,6,6,6,6,6,6,6,6,6,6,6,6,6,6,6,6,6,6,6,6,6,6,6,6,6,6,6,临高,Lingao
,,,0,0,0,0,0,0,0,0,0,0,0,0,1,1,3,3,3,3,4,4,4,4,4,4,4,4,4,5,6,6,6,6,6,6,6,7,7,7,7,7,7,7,7,7,7,7,7,7,7,7,7,9,11,11,11,11,11,11,11,11,11,11,11,11,丹东,Dandong
,,0,0,0,0,1,1,1,1,1,1,1,1,3,3,3,5,5,7,7,9,10,10,10,11,11,14,14,14,14,14,14,14,14,17,17,17,17,17,17,17,17,17,17,17,17,17,17,17,17,18,18,18,18,18,18,20,17,17,17,17,17,17,17,17,17,丽水,Lishui
,0,0,0,0,0,0,0,0,0,0,0,0,0,0,1,1,1,2,2,2,2,2,5,5,5,7,7,7,7,7,7,7,7,7,7,7,7,7,7,7,7,7,7,7,7,7,7,7,7,7,7,7,7,7,7,7,7,7,7,7,7,7,7,7,7,7,丽江,Lijiang
,,,,,,,0,0,0,0,0,0,0,0,0,0,0,0,0,0,0,0,0,1,1,1,1,1,1,1,1,1,1,2,2,2,2,2,2,2,2,2,2,2,2,2,2,3,3,3,3,3,3,3,3,3,3,3,3,3,3,3,3,3,3,3,乌兰察布,Wulanchabu
,,,,,,,,,0,0,0,0,0,0,0,0,0,0,0,0,0,0,0,0,0,0,0,0,0,0,0,1,1,1,2,2,2,2,2,2,2,2,2,2,2,2,2,2,2,2,2,2,2,2,2,2,2,2,2,2,2,2,2,2,2,2,乌海,Wuhai
0,0,0,0,0,0,0,0,0,0,0,0,0,0,0,0,0,0,0,2,2,2,2,3,4,4,4,8,10,10,10,10,13,13,13,14,16,16,19,21,22,22,22,23,23,23,23,23,23,23,23,23,23,23,23,23,23,23,23,23,23,23,23,23,23,23,23,乌鲁木齐,Wulumuqi
,,,,,,,,0,0,0,0,0,0,0,0,0,0,0,0,0,0,0,0,0,0,0,0,0,2,2,2,2,2,2,2,2,2,2,2,2,2,2,2,2,2,2,2,2,2,2,2,2,2,2,2,2,2,2,2,2,2,2,2,2,2,2,乐东黎族自治,Ledonglizuzizhi
,,0,0,0,0,0,0,0,0,0,0,0,0,0,0,0,0,0,0,0,2,2,2,2,2,2,2,2,2,2,2,3,3,3,3,3,3,3,3,3,3,3,3,3,3,3,3,3,3,3,3,3,3,3,3,3,3,3,3,3,3,3,3,3,3,3,乐山,Leshan
0,0,0,0,0,0,0,0,0,0,2,2,2,3,4,4,4,7,7,13,14,14,16,18,22,22,30,33,44,47,47,51,57,62,71,80,91,94,94,97,98,101,108,110,112,112,113,115,117,118,118,118,118,118,118,118,118,118,118,118,118,118,118,118,118,118,118,九江,Jiujiang
,,,,,,,,,,,,,,0,0,0,0,0,0,0,0,0,0,0,0,0,0,0,0,0,0,0,0,0,1,2,2,2,2,2,2,2,2,2,2,2,2,2,2,2,2,2,2,2,2,2,2,2,2,2,2,2,2,2,2,2,五家渠,Wujiaqu
0,0,0,0,0,0,1,1,1,2,2,2,2,2,5,5,5,5,7,7,12,16,19,25,35,35,47,58,65,70,73,80,81,87,89,99,99,100,103,107,107,107,108,108,108,108,108,108,108,108,108,108,108,108,108,108,108,108,108,108,108,108,108,108,108,108,108,亳州,Bozhou
0,0,0,0,0,0,0,0,0,0,0,0,0,0,0,11,14,16,41,41,43,48,58,63,87,107,121,149,184,210,231,248,268,316,337,356,388,408,438,461,467,477,481,490,497,501,506,518,520,520,520,520,526,529,531,535,538,542,546,547,547,547,551,551,551,552,552,仙桃,Xiantao
,,,,,,,,,,,,,,,,,,,,,,0,0,0,0,0,0,0,0,0,0,0,0,0,1,1,1,1,1,1,1,1,1,1,1,1,1,1,1,1,1,1,1,1,1,1,1,1,1,1,1,1,1,1,1,1,伊春,Yichun
,,0,0,0,0,0,0,0,0,0,0,0,0,0,0,0,0,0,0,0,1,1,4,4,4,4,6,6,6,6,6,6,6,8,10,12,12,18,18,18,18,18,18,18,18,18,18,18,18,18,18,18,18,18,18,18,18,18,18,18,18,18,18,18,18,18,伊犁哈萨克自治州,Yilihasakezizhizhou
0,0,0,0,0,0,0,0,0,0,0,0,0,0,0,4,4,4,4,15,17,17,22,23,23,23,27,33,33,34,34,36,36,36,36,46,47,47,47,59,59,69,70,72,75,77,77,78,78,78,79,79,81,81,81,81,81,81,81,84,84,84,84,84,84,84,84,佛山,Foshan
,,,0,0,0,0,0,0,0,0,0,0,0,1,1,1,1,5,5,5,5,7,7,13,11,11,12,14,14,15,15,15,15,15,15,15,15,15,15,15,15,15,15,15,15,15,15,15,15,15,15,15,15,15,15,15,15,15,15,15,15,15,15,15,15,15,佳木斯,Jiamusi
,,,,,,,,,,,,0,0,0,0,0,0,0,0,0,0,0,0,1,1,1,1,1,1,1,1,1,1,1,1,1,1,3,3,3,3,3,3,3,3,3,3,3,3,3,3,3,3,3,3,3,3,3,3,3,3,3,3,3,3,3,保亭黎族苗族自治,Baotinglizumiaozuzizhi
,0,0,0,0,0,0,0,0,2,2,2,2,4,4,4,8,8,9,9,11,11,17,19,20,26,26,27,27,29,29,29,30,32,32,32,32,32,32,32,32,32,32,32,32,32,32,32,32,32,32,32,32,32,32,32,32,32,32,32,32,32,32,32,32,32,32,保定,Baoding
,,,0,0,0,0,0,0,0,0,0,0,0,0,0,0,0,0,0,0,0,0,2,2,2,2,3,3,4,5,5,5,7,8,8,8,8,8,8,9,9,9,9,9,9,9,9,9,9,9,9,9,9,9,9,9,9,9,9,9,9,9,9,9,9,9,保山,Baoshan
0,0,0,0,0,0,0,0,0,0,0,0,0,0,0,11,24,28,28,34,38,49,60,64,74,76,84,86,94,134,148,171,191,208,209,227,232,258,261,262,267,267,269,270,270,271,271,271,271,271,271,272,272,272,272,272,272,272,272,272,272,272,272,272,272,272,272,信阳,Xinyang
,0,0,0,0,0,0,0,0,0,0,0,0,0,0,0,1,1,1,1,2,2,2,2,7,8,9,9,11,11,12,12,12,12,12,12,12,12,12,12,12,12,12,12,12,12,12,12,12,13,13,13,13,13,14,14,14,14,14,14,14,14,14,14,14,14,14,儋州,Danzhou
,,,,0,0,0,0,0,0,0,0,0,0,1,1,1,1,1,1,2,2,2,2,2,2,2,2,2,2,3,3,3,3,4,4,5,5,5,5,6,6,6,6,6,6,6,6,6,6,6,6,6,6,6,6,6,6,6,6,6,6,6,6,6,6,6,公主岭,Gongzhuling
0,0,0,0,0,0,0,1,1,1,1,1,1,1,1,1,2,2,3,3,3,3,8,15,15,21,23,30,31,35,39,43,45,45,46,48,53,55,57,63,69,69,69,69,69,69,69,69,69,69,69,69,69,69,69,69,69,69,69,69,69,69,69,69,69,69,69,六安,Luan
,,,0,0,0,0,0,0,0,0,0,0,0,0,0,0,0,0,1,1,3,3,3,3,3,6,6,6,6,6,7,8,8,8,8,8,8,8,8,8,8,8,8,8,8,8,8,8,8,8,9,9,9,9,9,9,9,9,9,9,9,9,9,9,9,9,六盘水,Liupanshui
0,,0,0,0,0,0,0,0,0,0,0,0,0,0,3,3,4,10,14,14,14,17,17,17,20,22,22,24,24,29,29,31,31,31,32,32,32,32,33,33,33,33,33,33,33,34,34,34,34,34,34,34,34,34,34,34,34,34,34,34,34,34,34,34,34,34,兰州,Lanzhou
,,,0,0,0,0,0,0,0,0,0,0,0,0,0,0,0,0,0,0,0,0,0,0,0,0,0,0,0,0,0,0,0,0,0,1,1,1,1,1,1,1,1,1,1,1,1,1,1,1,1,1,1,1,1,1,1,1,1,1,1,1,1,1,1,1,兴安,Xingan
,0,0,0,0,0,0,0,0,0,0,0,0,0,0,1,2,2,2,2,3,3,5,5,5,6,6,6,10,10,10,11,13,13,15,18,18,18,18,18,18,19,19,19,20,21,21,21,22,22,22,22,22,22,22,22,22,22,22,22,22,22,22,22,22,22,22,内江,Neijiang
,,,0,0,0,0,0,0,0,0,0,0,0,0,0,0,0,1,1,1,3,3,5,5,5,5,5,6,6,8,8,8,9,9,9,10,10,10,12,12,12,12,13,13,13,13,13,13,13,13,13,13,13,13,13,13,13,13,13,13,13,13,13,13,13,13,凉山彝族自治州,Liangshanyizuzizhizhou
,,,0,0,0,0,0,0,0,0,0,0,0,0,0,0,0,0,0,0,0,0,0,0,0,0,1,2,2,2,4,5,5,5,5,6,6,6,8,8,8,8,8,8,9,9,9,9,9,9,9,9,10,10,10,11,11,11,11,11,11,11,11,11,11,11,包头,Baotou
0,0,0,0,2,4,4,5,5,9,12,23,24,31,33,34,37,44,48,56,68,79,97,105,114,122,145,153,169,178,189,198,215,235,248,257,271,276,282,288,294,297,298,303,308,315,320,326,334,342,349,353,358,368,373,379,384,392,398,400,401,401,403,406,409,411,412,北京,Beijing
0,0,0,0,0,0,0,0,0,0,0,0,0,2,0,2,2,3,3,3,4,4,4,7,7,9,10,14,14,14,14,14,14,28,24,34,32,33,33,35,37,37,39,38,38,39,40,40,40,41,41,41,41,41,43,43,43,43,43,43,43,43,43,43,43,43,43,北海,Beihai
0,0,0,0,0,0,0,0,0,0,0,0,0,0,0,28,39,40,46,64,70,81,89,101,116,126,144,164,187,209,239,267,293,316,348,372,389,421,441,459,491,505,527,539,553,571,588,596,604,614,633,629,630,634,638,645,655,661,663,663,664,664,664,664,664,664,664,十堰,Shiyan
0,0,0,0,0,0,0,0,2,2,2,2,4,11,13,15,20,22,22,22,24,26,27,27,30,32,35,38,47,52,52,52,57,57,58,58,58,58,63,68,74,80,83,89,92,93,93,93,93,93,93,93,93,93,93,93,93,93,93,93,93,93,93,93,93,93,93,南京,Nanjing
,,0,0,0,0,0,0,0,0,0,0,0,0,0,2,2,2,4,4,5,6,7,9,9,10,12,14,15,15,19,20,22,23,23,23,23,23,24,28,29,30,32,32,36,36,36,38,39,39,39,39,39,39,39,39,39,39,39,39,39,39,39,39,39,39,39,南充,Nanchong
,,0,0,0,0,0,0,0,0,0,0,0,0,0,0,0,2,8,8,9,9,10,11,14,16,18,23,24,25,28,29,34,36,36,44,46,50,52,54,54,54,54,54,54,54,54,54,54,54,54,54,55,55,55,55,55,55,55,55,55,55,55,55,55,55,55,南宁,Nanning
,,,0,0,0,0,0,0,0,0,0,0,0,0,0,1,2,2,2,3,3,4,5,7,7,8,8,8,8,10,10,10,12,12,13,14,14,14,15,17,17,20,20,20,20,20,20,20,20,20,20,20,20,20,20,20,20,20,20,20,20,20,20,20,20,20,南平,Nanping
0,0,0,0,0,0,0,1,1,1,4,4,7,10,14,14,20,27,38,46,53,61,67,72,75,89,95,114,133,145,162,178,181,184,187,193,198,202,207,212,216,218,219,222,223,225,225,227,229,230,230,230,230,230,230,230,230,230,230,230,230,230,230,230,230,230,230,南昌,Nanchang
0,0,0,0,0,0,0,0,0,0,0,0,0,0,2,2,2,2,5,5,11,10,11,15,15,17,19,23,23,23,28,32,33,34,35,37,37,37,37,37,40,40,40,40,40,40,40,40,40,40,40,40,40,40,40,40,40,40,40,40,40,40,40,40,40,40,40,南通,Nantong
,0,0,0,0,0,0,0,0,0,0,0,0,0,0,6,11,24,30,32,35,37,45,50,57,57,57,65,65,65,106,114,124,129,129,129,139,149,149,149,149,149,151,151,151,152,152,152,153,153,153,153,153,153,153,153,153,153,153,153,153,153,153,153,153,153,153,南阳,Nanyang
0,0,0,0,0,0,0,0,0,0,0,0,0,0,0,2,2,2,3,3,4,4,4,5,5,8,9,10,10,17,17,21,23,27,30,31,34,34,34,34,34,35,35,35,35,35,35,35,35,35,35,35,35,35,35,35,35,35,35,35,35,35,35,35,35,35,35,厦门,Xiamen
,,,0,0,0,0,0,0,0,0,0,0,1,1,1,1,1,1,1,1,1,1,1,1,4,4,8,11,16,19,20,20,23,28,29,32,36,36,39,39,39,40,40,41,41,45,46,46,47,47,47,48,48,48,48,48,49,49,49,49,49,49,49,49,49,49,双鸭山,Shuangyashan
0,0,0,0,0,0,0,0,1,4,7,11,11,14,14,17,25,27,35,38,46,49,52,60,63,63,69,74,77,84,92,98,98,98,101,103,106,107,108,112,120,127,129,130,134,137,139,144,146,146,146,146,146,146,146,146,146,146,146,146,146,146,146,146,146,146,146,台州,Taizhou
,,,,,,,,,,,,,,0,1,1,1,1,1,1,1,1,1,2,2,2,2,2,2,2,2,5,5,5,5,9,9,9,12,12,12,,,,,,,,,,,,,,,,,,,,,,,,,0,台湾,Taiwan
,,,,,,,,,,,,,,,,,,,,,,,,,,,,,,,,,,,,,,,,,,12,12,13,15,15,15,17,17,20,20,20,20,22,22,26,26,28,28,28,29,29,29,29,30,30,台湾省,Taiwansheng
0,0,0,0,0,0,1,1,1,2,2,5,5,5,7,9,11,11,15,20,28,35,38,38,43,49,68,75,80,97,97,101,119,121,127,135,138,141,144,151,154,157,158,165,169,173,173,173,173,173,173,173,173,173,173,173,173,173,173,173,173,173,173,173,173,173,173,合肥,Hefei
0,0,0,0,0,1,1,1,1,1,1,1,1,1,1,1,1,1,2,4,5,5,6,7,9,10,10,11,11,11,11,11,13,12,13,13,15,15,18,18,20,20,20,21,22,22,22,22,22,22,22,22,22,22,22,22,22,22,22,22,22,22,22,22,22,22,22,吉安,Jian
0,0,0,0,0,0,0,0,0,0,0,0,0,1,2,2,2,2,2,2,3,3,3,3,3,3,3,3,4,4,5,5,5,5,5,5,5,5,5,5,5,5,5,5,5,5,5,5,5,5,5,5,5,5,5,5,5,5,5,5,5,5,5,5,5,5,5,吉林,Jilin
,,,,0,0,0,0,0,0,0,0,0,0,0,0,0,0,0,1,1,1,1,1,1,1,1,1,1,1,1,1,1,1,1,1,1,1,1,1,1,2,2,2,3,3,3,3,3,3,3,3,3,3,3,3,3,3,3,3,3,3,3,3,3,3,3,吐鲁番,Tulufan
,,,0,0,0,0,0,0,0,0,0,0,1,1,3,3,3,3,5,5,5,5,6,6,6,6,6,6,6,6,6,6,6,6,6,6,6,6,6,6,6,6,6,6,6,6,6,6,6,6,6,6,6,6,6,6,6,6,6,6,6,6,6,6,6,6,吕梁,Lvliang
,,,,0,0,0,0,0,0,0,0,0,0,0,0,0,4,4,4,6,6,6,6,6,6,9,9,9,9,9,16,17,17,22,26,26,27,27,27,27,27,27,27,27,27,27,27,28,28,28,28,28,28,28,28,28,28,28,28,28,28,28,28,28,28,28,吴忠,Wuzhong
0,0,0,0,0,0,0,0,0,0,0,0,0,0,0,10,10,11,16,17,19,20,23,23,27,31,31,34,34,34,48,49,51,51,56,56,65,65,69,69,70,72,72,74,74,75,75,74,75,75,75,75,75,75,75,75,75,75,75,75,75,75,75,75,75,75,75,周口,Zhoukou
0,0,0,0,0,0,0,0,1,1,1,1,1,1,0,1,1,1,1,1,1,1,1,1,1,1,1,1,2,2,2,4,4,4,4,4,4,4,5,5,5,7,7,7,7,7,7,7,7,7,7,7,7,7,7,7,7,7,7,7,7,7,7,7,7,7,7,呼伦贝尔,Hulunbeier
,,,,,0,0,0,0,0,0,0,0,0,0,0,0,0,0,0,0,0,0,0,0,0,0,0,2,2,2,2,2,2,2,2,4,4,4,4,4,5,5,6,6,6,6,6,6,6,7,6,6,7,7,7,7,7,7,7,7,7,7,7,7,7,7,呼和浩特,Huhehaote
,,0,0,0,0,0,0,0,0,0,0,0,0,0,6,16,23,44,55,65,84,99,127,152,181,206,228,268,313,361,398,445,504,560,612,644,677,692,735,749,759,776,786,794,801,806,808,812,812,816,818,819,819,821,821,821,821,821,821,821,821,821,821,821,821,821,咸宁,Xianning
0,,,0,0,0,0,0,0,0,0,0,0,0,1,1,2,2,4,4,4,4,5,5,6,6,7,8,10,14,14,14,15,16,16,17,17,16,16,16,16,16,16,16,16,16,16,16,16,16,16,16,16,16,16,16,16,16,16,16,16,16,16,17,17,17,17,咸阳,Xianyang
0,0,0,0,0,0,0,0,0,0,2,2,4,6,6,9,9,9,15,15,15,15,18,30,32,32,41,46,55,76,77,77,77,77,77,84,94,94,125,140,140,146,148,148,166,168,173,178,179,182,186,186,188,188,189,190,190,192,192,194,193,194,194,194,194,194,194,哈尔滨,Haerbin
,,,,0,0,0,0,0,0,0,0,0,0,0,0,2,2,2,3,3,4,4,9,9,10,12,13,16,19,20,20,27,30,36,40,41,42,48,50,51,52,54,54,55,55,55,55,55,55,55,55,55,55,55,55,55,55,55,55,55,55,55,55,55,55,55,唐山,Tangshan
,,,0,0,0,0,0,0,0,0,0,0,0,0,5,5,9,9,14,14,25,25,30,30,46,46,50,50,63,63,68,75,75,80,81,84,86,87,87,88,88,88,88,88,88,88,88,88,88,88,88,88,88,88,88,88,88,88,88,88,88,88,88,88,88,88,商丘,Shangqiu
,,,0,0,0,0,0,0,0,0,0,0,0,1,1,1,1,1,1,1,1,1,2,2,2,2,2,4,4,4,5,5,5,5,6,6,6,6,6,6,6,6,6,6,7,7,7,7,7,7,7,7,7,7,7,7,7,7,7,7,7,7,7,7,7,7,商洛,Shangluo
0,0,0,0,0,0,0,0,0,0,0,0,0,0,1,1,1,3,5,6,6,8,10,10,11,13,15,17,20,22,23,25,28,28,28,32,34,35,41,41,41,41,41,41,42,42,44,43,43,43,43,44,44,44,44,44,44,44,44,44,45,45,45,45,45,45,45,嘉兴,Jiaxing
,,,0,0,0,0,0,0,0,0,0,0,0,0,0,0,0,1,1,2,2,2,2,4,4,4,4,7,8,8,9,9,9,11,11,11,11,11,11,14,14,14,14,14,14,14,14,14,14,14,14,14,14,14,14,14,14,14,14,14,14,14,14,14,14,14,四平,Siping
,0,0,0,0,0,0,0,0,0,0,0,0,0,0,2,2,2,2,2,2,2,2,2,2,2,3,3,3,3,3,3,4,4,5,5,5,5,5,5,5,5,5,5,5,5,5,5,5,5,5,5,5,5,5,5,5,5,5,5,5,5,5,5,5,5,5,固原,Guyuan
,0,,,,,,,,,,,,,,,,,,,,,,,,,,,,,,,,,,,,,,,,,,,,,,,,,,,,,,,,,,,,,,,,,0,固始,Gushi
,,,,,,,,,,,,,,,,,,,,,,,,,,,,,,,,,,,,,,,0,,,0,0,0,0,0,0,0,0,0.333333333333333,0.333333333333333,0.666666666666667,0.5,0.333333333333333,0.333333333333333,1.28571428571429,2.66666666666667,2.8,2.30769230769231,2.69230769230769,2.5,2.375,2.5625,2.625,2.9375,2.76470588235294,境外输入,Jingwaishuru
,,,,,,0,0,0,0,0,0,0,0,0,0,0,0,0,0,0,0,0,0,1,1,1,2,2,2,2,2,2,2,2,2,2,2,2,2,2,2,2,2,2,2,2,2,2,2,2,2,2,2,2,2,2,2,2,2,3,3,3,3,3,3,3,大兴安岭,Daxinganling
,0,0,0,0,0,0,0,0,0,0,0,0,0,0,3,3,3,3,3,4,4,4,4,4,5,6,6,6,6,6,8,8,8,8,8,8,8,8,8,9,9,11,11,11,11,11,11,11,12,12,12,12,12,12,12,12,12,12,12,12,12,12,12,12,12,12,大同,Datong
0,0,0,0,0,0,0,0,0,0,0,0,0,0,0,0,0,0,0,0,0,1,1,2,3,4,7,7,8,8,8,8,9,12,12,14,16,17,17,18,19,20,20,20,20,22,22,23,23,23,23,23,23,23,23,24,24,24,24,25,25,25,25,25,25,25,25,大庆,Daqing
,,0,0,0,0,0,0,0,1,1,0,0,0,0,2,2,2,2,2,2,3,5,5,6,6,10,10,10,10,11,11,12,12,12,12,12,13,13,13,13,13,13,13,13,13,13,13,13,13,13,13,13,13,13,13,13,13,13,13,13,13,13,13,13,13,13,大理白族自治州,Dalibaizuzizhizhou
0,0,0,0,0,0,1,1,1,1,1,1,2,2,0,3,3,3,3,3,4,4,4,5,5,5,9,9,9,9,9,9,11,11,11,12,12,15,15,15,15,15,15,15,15,15,15,16,16,16,16,17,18,19,19,19,19,19,19,19,19,19,19,19,19,19,19,大连,Dalian
,,,,0,0,0,0,0,0,0,0,0,0,0,1,1,1,1,1,6,6,9,9,9,11,11,12,12,12,12,12,12,12,12,12,12,12,12,12,12,12,12,12,12,12,12,12,12,12,12,12,12,12,12,12,12,12,12,12,12,12,12,12,12,12,12,天水,Tianshui
0,0,0,0,0,0,0,0,0,0,1,1,2,2,2,2,4,4,8,10,11,21,32,37,45,46,48,54,59,62,65,81,87,91,96,102,105,109,111,118,124,128,128,128,128,129,130,131,132,132,132,132,133,133,133,133,133,133,133,133,133,133,133,133,133,133,133,天津,Tianjin
,0,0,0,0,0,0,0,0,0,0,0,0,0,0,1,1,10,10,12,12,13,21,21,27,39,55,73,133,165,198,232,258,282,286,307,332,362,371,393,414,421,435,442,451,457,461,471,473,474,476,476,477,477,477,478,479,479,481,481,481,481,481,481,481,481,481,天门,Tianmen
0,0,0,0,0,0,1,1,1,1,1,1,1,1,1,1,1,1,3,3,3,3,3,6,8,6,8,9,13,12,13,15,14,16,18,18,19,19,20,20,20,20,20,20,20,20,20,20,20,20,20,20,20,20,20,20,20,20,20,20,20,20,20,20,20,20,20,太原,Taiyuan
0,0,0,0,0,0,0,0,0,0,2,2,2,5,5,5,5,8,8,8,9,9,9,9,9,9,10,10,14,18,20,21,25,27,27,27,28,30,33,34,34,34,34,35,35,35,35,36,36,37,37,37,37,37,37,37,37,37,37,37,37,37,37,37,37,37,37,威海,Weihai
0,0,0,0,0,0,0,0,0,0,1,2,3,3,4,4,7,8,8,12,18,22,25,29,34,35,40,47,51,54,55,54,55,56,57,58,60,60,62,62,66,67,68,70,71,71,74,74,74,74,75,76,76,76,76,76,76,76,76,76,76,76,76,76,76,76,76,娄底,Loudi
0,0,0,0,0,0,0,0,0,0,0,0,0,0,0,25,42,50,81,139,179,209,255,313,380,449,523,572,673,771,917,1078,1177,1328,1388,1625,1829,2047,2215,2397,2560,2713,2821,2911,2972,3024,3057,3111,3149,3179,3204,3237,3253,3266,3278,3297,3324,3349,3360,3366,3369,3376,3380,3383,3386,3389,3389,孝感,Xiaogan
,,,,,,0,0,0,0,0,0,0,0,0,0,0,0,0,0,1,1,1,1,1,1,1,1,1,1,1,1,1,1,1,1,1,1,1,1,1,1,1,1,1,1,1,1,1,1,1,1,1,1,1,1,1,1,1,1,1,1,1,1,1,1,1,宁东,Ningdong
0,0,0,0,0,0,0,0,0,0,0,0,0,0,0,1,4,4,4,4,5,6,6,6,6,6,6,12,17,17,20,20,20,20,23,23,23,23,23,23,23,24,24,26,26,26,26,26,26,26,26,26,26,26,26,26,26,26,26,26,26,26,26,26,26,26,26,宁德,Ningde
0,0,0,0,0,0,0,0,1,1,1,1,4,6,9,12,13,15,18,24,25,35,46,46,55,62,68,89,91,103,106,110,114,123,122,136,140,146,148,149,151,154,154,155,155,155,157,157,157,157,157,157,157,157,157,157,157,157,157,157,157,157,157,157,157,157,157,宁波,Ningbo
0,0,0,0,0,0,0,0,0,0,0,0,3,3,3,6,6,12,15,15,15,29,32,33,34,34,39,44,53,55,61,65,69,69,74,79,80,80,82,82,82,83,83,83,83,83,83,83,83,83,83,83,83,83,83,83,83,83,83,83,83,83,83,83,83,83,83,安庆,Anqing
0,,,0,0,0,0,0,0,0,0,0,0,0,1,1,1,5,5,5,5,5,5,5,7,7,10,15,15,16,16,17,17,20,20,20,20,23,23,25,25,25,25,25,25,25,25,25,26,26,26,26,26,26,26,26,26,26,26,26,26,26,26,26,26,26,26,安康,Ankang
,,0,0,0,0,0,0,0,0,0,0,0,0,0,1,3,3,10,10,10,13,16,18,20,24,26,28,28,31,31,37,41,41,43,43,46,47,47,47,48,52,52,53,53,53,53,53,53,53,53,53,53,53,53,53,53,53,53,53,53,53,53,53,53,53,53,安阳,Anyang
,,,,,,,,,0,0,0,0,0,0,0,0,0,0,0,0,0,0,0,1,1,1,1,1,1,1,1,3,3,3,4,4,4,4,4,4,4,4,4,4,4,4,4,4,4,4,4,4,4,4,4,4,4,4,4,4,4,4,4,4,4,4,安顺,Anshun
,,,,,,,0,0,0,0,0,0,0,0,0,0,0,0,0,0,1,1,1,2,2,2,2,2,2,2,2,2,2,2,2,2,2,2,2,2,2,2,2,2,2,2,2,2,2,2,2,2,2,2,2,2,2,2,2,2,2,2,2,2,2,2,定安,Dingan
,,0,0,0,0,0,0,0,0,0,0,0,0,0,1,1,1,2,2,2,2,4,8,8,8,8,8,8,8,8,8,8,8,8,8,8,8,8,8,8,8,8,8,8,8,8,8,8,8,8,9,9,9,9,9,9,9,9,9,9,9,9,9,9,9,9,定西,Dingxi
,,,0,0,0,0,0,0,0,0,0,0,0,0,0,0,3,3,3,3,3,6,6,6,6,6,7,7,7,8,8,8,10,10,10,10,10,10,10,10,10,11,11,11,11,11,12,12,12,12,12,12,12,12,12,12,12,12,12,12,12,12,12,12,12,12,宜宾,Yibin
0,0,0,0,0,0,0,0,0,0,0,0,0,0,0,11,24,36,43,52,62,72,81,92,140,156,186,208,231,250,273,289,304,347,362,396,429,463,506,536,583,609,639,684,707,727,753,773,800,834,847,858,864,868,873,881,882,886,891,891,892,892,893,893,894,894,894,宜昌,Yichang
,0,0,0,0,0,0,0,1,1,1,2,4,4,5,5,6,6,10,10,16,16,18,20,20,24,30,33,42,53,58,72,76,84,90,95,96,96,104,104,105,106,106,106,106,106,106,106,106,106,106,106,106,106,106,106,106,106,106,106,106,106,106,106,106,106,106,宜春,Yichun
,,,,0,0,0,0,0,0,0,0,0,0,2,2,2,2,2,2,5,7,7,7,8,9,9,9,10,11,11,11,12,12,12,12,12,12,12,12,12,13,13,13,13,13,13,13,13,13,13,13,13,13,13,13,13,13,13,13,13,13,13,13,13,13,13,宝鸡,Baoji
,,0,0,0,0,0,0,0,0,1,1,1,1,2,2,2,2,2,4,4,4,4,4,4,4,4,4,4,4,4,4,4,4,4,4,4,4,4,4,4,5,6,6,6,6,6,6,6,6,6,6,6,6,6,6,6,6,6,6,6,6,6,6,6,6,6,宣城,Xuancheng
,,0,0,0,0,0,0,0,0,0,0,0,0,0,0,1,2,3,3,8,10,11,11,13,13,17,20,20,23,26,26,29,29,30,30,33,34,36,37,37,41,41,41,41,41,41,41,41,41,41,41,41,41,41,41,41,41,41,41,41,41,41,41,41,41,41,宿州,Suzhou
,,,,,0,0,0,0,0,0,0,,,,,,,,,,,,,,,,,,,,,,,,,,,,,,,,,,,,,,,,,,,,,,,,,,,,,,,0,宿松,Susong
,0,0,0,0,0,0,0,0,0,0,0,0,0,0,0,0,0,3,6,6,6,6,7,7,7,7,7,7,8,8,9,9,11,11,11,12,12,12,12,13,13,13,13,13,13,13,13,13,13,13,13,13,13,13,13,13,13,13,13,13,13,13,13,13,13,13,宿迁,Suqian
0,0,0,0,0,0,0,0,0,0,0,0,0,2,4,4,10,17,21,21,42,42,44,51,54,63,64,64,72,76,87,91,91,106,106,111,114,115,116,124,130,130,138,144,145,146,151,153,153,153,153,155,155,155,155,155,155,155,155,155,155,155,155,155,155,155,155,岳阳,Yueyang
0,0,,,,,,,,,,,,,,,,,,,,,,,,,,,,,,,,,,,,,,,,,,,,,,,,,,,,,,,,,,,,,,,,,0,巩义,Gongyi
,,,,,0,0,0,0,0,0,0,0,0,0,1,1,1,1,1,1,1,1,1,3,3,3,3,10,10,10,10,10,10,11,11,12,12,12,16,18,18,18,18,19,20,20,21,21,21,21,22,24,24,24,24,24,24,24,24,24,24,24,24,24,24,24,巴中,Bazhong
,,,,,0,0,0,0,0,0,0,0,0,0,0,0,0,0,0,0,0,0,0,0,0,0,0,0,0,3,3,6,6,6,6,6,6,7,7,7,7,7,7,7,7,7,7,7,7,7,7,7,7,7,7,7,7,7,7,7,7,7,7,7,7,7,巴彦淖尔,Bayannaoer
,,,,,,,,,,,,,0,0,0,0,0,0,0,0,0,0,0,0,0,0,0,0,2,2,2,2,2,3,3,3,3,3,3,3,3,3,3,3,3,3,3,3,3,3,3,3,3,3,3,3,3,3,3,3,3,3,3,3,3,3,巴音郭楞蒙古自治州,Bayinguolengmengguzizhizhou
,0,0,0,0,0,0,0,0,0,0,0,2,2,5,5,5,6,6,6,12,12,11,11,21,20,27,27,29,36,36,36,41,41,48,48,48,48,48,50,50,50,50,50,51,51,51,51,51,51,51,51,51,51,51,51,51,51,51,51,51,51,51,51,51,51,51,常州,Changzhou
,0,0,0,0,0,0,0,0,0,0,0,3,3,14,14,15,15,15,18,24,26,27,28,31,34,43,49,52,58,60,61,62,66,67,69,72,72,72,74,80,80,80,82,82,82,82,82,82,82,82,82,82,82,82,82,82,82,82,82,82,82,82,82,82,82,82,常德,Changde
,,,,,0,0,0,0,0,0,0,0,0,0,0,0,0,0,0,0,0,1,1,1,1,3,3,4,4,6,6,6,6,6,6,6,6,6,8,8,9,9,9,9,9,9,9,9,9,9,9,9,9,9,9,9,9,9,9,9,9,9,9,9,9,9,平凉,Pingliang
,0,0,0,0,0,0,0,0,0,0,0,0,0,0,1,5,12,13,14,14,19,19,19,20,24,31,31,34,39,39,43,43,44,44,51,53,53,57,57,57,57,57,57,57,57,57,57,57,57,57,57,57,57,57,57,57,57,57,57,57,57,57,57,57,57,57,平顶山,Pingdingshan
,,,,,0,0,0,0,0,0,0,0,0,0,0,0,1,1,1,1,1,2,2,3,3,4,4,4,5,5,6,6,6,6,6,6,6,6,6,6,6,6,6,6,6,6,6,6,6,6,6,6,6,6,6,6,6,6,6,6,6,6,6,6,6,6,广元,Guangyuan
0,0,0,0,0,0,0,0,0,0,0,0,0,0,0,3,3,3,3,3,5,7,8,8,10,10,14,18,19,20,20,20,20,20,20,21,21,23,24,25,25,26,26,27,27,27,27,28,28,28,30,30,30,30,30,30,30,30,30,30,30,30,30,30,30,30,30,广安,Guangan
0,0,0,0,0,0,0,0,0,0,0,0,0,0,0,21,27,41,43,49,71,78,93,111,121,131,142,148,157,172,190,196,204,210,222,230,240,248,260,264,272,283,292,309,318,321,322,325,326,326,330,330,330,330,330,331,331,334,335,335,336,336,337,338,338,342,347,广州,Guangzhou
,,,,,,,,,,0,0,0,0,0,0,0,0,0,1,1,1,2,2,2,2,2,2,2,2,2,2,2,2,2,2,2,2,2,2,3,3,3,3,3,3,3,3,3,3,3,3,3,3,3,3,3,3,3,3,3,3,3,3,3,3,3,庆阳,Qingyang
,,,0,0,0,0,0,0,1,1,1,1,1,4,4,4,4,5,8,8,11,12,14,14,16,18,20,21,22,25,27,28,28,30,30,30,30,30,30,30,30,30,30,30,30,30,30,30,30,30,30,30,30,30,30,30,30,30,30,30,30,30,30,30,30,30,廊坊,Langfang
0,,,0,0,0,0,0,0,0,0,0,0,0,0,0,0,1,2,2,6,6,6,6,6,6,6,6,6,6,6,8,8,8,8,8,8,8,8,8,8,8,8,8,8,8,8,8,8,8,8,8,8,8,8,8,8,8,8,8,8,8,8,8,8,8,8,延安,Yanan
,,,,,,0,0,0,0,0,0,0,0,0,0,0,2,2,2,2,2,2,2,2,2,4,4,4,4,4,4,5,5,5,5,5,5,5,5,5,5,5,5,5,5,5,5,5,5,5,5,5,5,5,5,5,5,5,5,5,5,5,5,5,5,5,延边朝鲜族自治州,Yanbianchaoxianzuzizhizhou
,,,0,0,0,0,0,0,0,0,0,0,0,0,1,1,1,1,1,2,3,6,6,7,8,9,11,13,15,16,16,16,16,16,17,18,18,18,18,18,26,26,26,26,26,26,26,26,26,26,26,26,26,26,26,26,26,26,26,26,26,26,26,26,26,26,开封,Kaifeng
,,,,,0,0,0,0,0,0,0,0,0,1,1,1,2,2,2,3,4,7,9,9,9,15,24,24,25,25,28,28,32,32,33,33,33,35,35,37,37,38,38,38,38,38,38,38,39,41,41,41,41,41,41,41,41,41,41,41,41,41,41,41,41,41,张家口,Zhangjiakou
,,,,,,0,0,0,0,0,0,0,2,2,2,2,2,3,3,3,3,3,4,4,5,5,5,5,5,5,5,5,5,5,5,5,5,5,5,5,5,5,5,5,5,5,5,5,5,5,5,5,5,5,5,5,5,5,5,5,5,5,5,5,5,5,张家界,Zhangjiajie
,,,0,0,0,0,0,0,0,0,0,0,0,0,0,0,1,1,1,1,2,2,2,2,2,2,2,2,2,2,2,2,2,2,2,2,2,2,2,2,2,2,2,2,2,2,2,2,2,2,2,2,2,2,2,2,2,2,2,2,2,2,2,2,2,2,张掖,Zhangye
,,,0,0,0,0,0,0,0,0,0,0,3,3,3,3,8,8,10,16,17,20,23,28,42,42,51,55,58,63,66,67,67,69,71,71,71,71,71,71,73,73,73,76,76,76,78,78,79,79,79,79,79,79,79,79,79,79,79,79,79,79,79,79,79,79,徐州,Xuzhou
,,,0,0,0,0,0,0,0,0,0,0,0,0,0,0,0,0,0,2,0,0,0,2,2,2,2,2,2,2,2,2,2,4,4,4,4,4,4,4,4,4,4,4,4,4,4,4,4,4,5,5,5,5,5,5,5,5,5,5,5,5,5,5,5,5,德宏傣族景颇族自治州,Dehongdaizujingpozuzizhizhou
,0,0,0,0,0,0,1,1,1,1,1,1,1,2,2,2,4,6,6,6,6,7,7,7,9,9,9,11,11,12,12,15,15,15,15,16,18,18,18,21,21,21,22,24,29,31,32,33,33,33,33,33,35,35,35,35,35,35,35,35,35,35,35,35,35,35,德州,Dezhou
0,0,0,0,0,0,0,0,0,0,0,0,0,0,0,0,0,0,0,0,0,0,0,0,0,1,1,1,3,5,5,7,7,8,9,10,10,10,10,10,12,13,14,14,18,18,18,18,18,18,18,18,18,18,18,18,18,18,18,18,18,18,18,18,18,18,18,德阳,Deyang
,,,,,,,,0,0,0,0,0,0,0,0,0,0,0,0,0,0,0,0,0,1,4,4,4,4,4,4,4,4,5,5,6,6,6,6,6,7,7,7,7,7,7,7,7,7,7,7,7,7,7,7,7,7,7,7,7,7,7,7,7,7,7,忻州,Xinzhou
0,0,0,0,0,0,0,0,1,1,1,1,2,6,7,10,14,15,15,21,21,23,26,28,30,32,37,37,38,38,38,38,38,39,40,40,40,40,40,40,40,40,40,40,40,40,40,40,40,40,40,40,40,40,40,40,40,40,40,40,40,40,40,40,40,40,40,怀化,Huaihua
,0,0,0,0,0,0,0,0,0,0,0,0,0,0,12,17,23,30,31,45,48,58,71,76,83,90,96,102,112,117,123,146,151,158,164,172,181,192,193,198,205,207,226,231,233,233,233,235,235,236,238,241,242,245,245,245,245,245,245,245,245,245,245,245,245,245,恩施土家族苗族自治州,Enshitujiazumiaozuzizhizhou
0,0,0,0,0,0,0,0,0,0,0,0,0,0,0,1,1,1,4,4,4,14,18,26,26,34,36,38,38,38,46,46,46,49,52,52,55,58,60,60,62,62,62,62,62,62,62,62,62,62,62,62,62,62,62,62,62,62,62,62,62,62,62,62,62,62,62,惠州,Huizhou
0,0,0,0,0,0,0,0,0,0,0,0,0,0,0,25,33,35,39,41,41,42,43,44,49,53,56,61,69,71,75,78,78,79,81,83,85,88,88,90,92,93,97,98,100,101,102,103,108,113,115,121,122,122,126,131,141,141,141,141,141,141,141,141,141,141,141,成都,Chengdu
0,0,0,0,0,0,0,0,0,0,0,0,0,0,0,2,2,2,3,6,6,6,6,7,8,9,11,11,13,13,15,17,17,17,17,17,19,23,23,23,23,23,23,23,23,23,23,23,23,23,23,23,23,23,23,23,23,23,23,23,23,23,23,23,23,23,23,扬州,Yangzhou
,0,0,0,0,0,0,0,0,0,0,0,0,0,0,0,0,1,1,1,1,1,2,2,5,4,4,4,6,6,6,7,7,7,7,7,7,7,7,7,7,7,7,7,7,7,7,7,7,7,7,7,7,7,7,7,7,7,7,7,7,7,7,7,7,7,7,承德,Chengde
0,0,0,0,0,0,0,0,0,0,0,0,1,5,7,7,7,7,9,9,11,14,14,17,20,22,28,29,35,37,46,47,51,52,58,61,61,63,65,65,70,70,71,71,72,72,72,72,72,72,72,72,72,72,72,72,72,72,72,72,72,72,72,72,72,72,72,抚州,Fuzhou
,,,,,,0,0,0,0,0,0,0,0,0,0,0,0,0,0,1,1,1,1,1,1,1,1,1,1,1,1,1,1,1,1,1,1,1,1,1,1,1,1,1,1,1,1,1,1,1,1,1,1,1,1,1,1,1,1,1,1,1,1,1,1,1,拉萨,Lasa
,,0,0,0,0,0,0,0,0,0,0,0,0,0,0,1,1,1,3,3,3,4,4,4,4,4,4,4,4,4,4,5,5,5,5,5,6,6,6,8,8,8,8,8,8,8,8,8,8,8,8,8,8,8,8,8,8,8,8,8,8,8,8,8,8,8,揭阳,Jieyang
,,,,,,,0,0,0,0,0,0,0,0,1,3,5,5,8,8,9,9,10,10,10,11,11,11,13,15,16,16,16,16,16,16,16,16,16,16,16,16,16,16,16,16,16,16,16,16,16,16,16,16,16,16,16,16,16,16,16,16,16,16,16,16,攀枝花,Panzhihua
,,,,,,,,,,,0,0,0,0,0,0,0,0,0,0,0,0,0,0,0,0,0,0,1,1,1,2,2,2,2,2,2,2,2,2,2,2,2,2,2,2,2,2,2,2,2,2,2,2,2,2,2,2,2,2,2,2,2,2,2,2,文山壮族苗族自治州,Wenshanzhuangzumiaozuzizhizhou
,,,,,,,,,,0,0,0,0,0,0,0,0,0,0,1,1,1,1,1,1,2,2,3,3,3,3,3,3,3,3,3,3,3,3,3,3,3,3,3,3,3,3,3,3,3,3,3,3,3,3,3,3,3,3,3,3,3,3,3,3,3,文昌,Wenchang
,0,0,0,0,0,0,0,0,0,0,0,0,0,0,4,4,6,6,7,7,7,8,10,15,21,21,21,26,26,38,45,48,48,49,49,51,53,53,53,53,53,54,54,54,54,54,54,54,54,54,54,54,54,54,54,54,54,54,54,54,54,54,54,54,54,54,新乡,Xinxiang
0,0,0,0,0,1,1,2,2,3,3,3,4,5,5,5,8,13,18,22,26,28,31,34,37,44,46,58,68,80,87,95,103,109,111,115,118,120,120,121,122,123,123,123,126,127,130,130,130,130,130,130,130,130,130,130,130,130,130,130,130,130,130,130,130,130,130,新余,Xinyu
0,0,0,0,0,0,0,0,0,0,0,1,1,1,1,1,4,4,3,4,9,9,15,18,18,19,21,27,35,37,37,39,41,41,42,47,48,48,49,49,50,50,52,52,52,52,52,52,52,53,55,54,55,55,55,55,55,55,55,55,55,55,55,55,55,55,55,无锡,Wuxi
0,0,0,0,0,0,0,0,0,0,0,0,0,0,2,2,2,2,2,2,2,2,2,2,3,3,6,6,7,8,9,10,11,11,11,12,12,12,14,15,15,15,15,15,15,15,15,16,16,16,16,16,16,16,16,16,16,16,16,16,16,16,16,16,16,16,16,日照,Rizhao
0,0,0,0,0,0,0,0,0,0,0,0,0,0,0,2,6,6,6,6,7,7,7,8,8,11,13,15,24,32,32,32,40,36,48,48,48,48,48,52,52,52,52,53,53,53,53,53,53,53,53,53,53,53,53,53,53,53,53,53,53,53,53,53,53,53,53,昆明,Kunming
,,,,,,,,,,,0,0,0,0,0,0,0,0,0,0,0,0,0,0,0,0,2,2,2,3,3,3,3,3,3,3,3,3,3,3,3,4,4,4,4,4,4,4,4,4,4,4,4,4,4,4,4,4,4,4,4,4,4,4,4,4,昌吉回族自治州,Changjihuizuzizhizhou
,,,,,,,0,0,0,0,0,0,0,0,0,0,0,0,0,0,0,0,0,0,1,1,1,2,2,2,3,3,3,3,3,2,5,7,7,7,7,7,7,7,7,7,7,7,7,7,7,7,7,7,7,7,7,7,7,7,7,7,7,7,7,7,昌江黎族自治,Changjianglizuzizhi
,,,0,0,0,0,0,0,0,0,0,0,0,0,1,1,1,1,1,2,2,2,2,2,2,2,2,5,6,10,14,14,15,15,15,20,20,25,25,25,25,25,25,25,25,25,25,25,25,25,25,25,25,25,25,25,25,25,25,25,25,25,25,25,25,25,昭通,Zhaotong
,,0,0,0,0,0,0,0,0,0,0,2,2,2,5,5,6,8,8,8,8,11,11,12,13,15,15,18,21,21,22,23,23,25,25,26,27,28,29,29,32,32,32,32,32,33,33,36,36,37,37,37,37,37,37,37,37,37,37,37,37,37,37,37,37,37,晋中,Jinzhong
,,,,,,,,0,0,0,0,0,0,0,0,2,2,2,2,2,2,2,2,2,2,2,3,3,3,4,5,5,5,7,7,8,8,8,9,10,10,10,10,10,10,10,10,10,10,10,10,10,10,10,10,10,10,10,10,10,10,10,10,10,10,10,晋城,Jincheng
,,,,,0,0,0,0,0,0,0,0,0,0,0,0,0,0,0,0,0,0,1,1,1,3,3,3,4,4,4,4,4,4,4,4,4,4,4,4,4,4,4,4,4,4,4,4,4,4,4,4,4,4,4,4,4,4,4,4,4,4,4,4,4,4,普洱,Puer
,0,0,0,0,0,0,1,1,1,1,1,1,1,1,1,1,1,1,1,1,1,1,1,1,3,3,3,3,3,3,3,3,3,3,3,3,3,3,4,5,6,6,6,6,6,6,6,6,6,6,6,6,6,6,6,6,6,6,6,6,6,6,6,6,6,6,景德镇,Jingdezhen
,,0,0,0,0,0,0,0,0,1,0,0,0,0,1,1,1,1,1,1,1,5,5,5,6,6,6,6,8,8,9,9,10,10,12,12,12,12,12,12,12,12,12,12,12,12,12,12,12,12,13,13,13,13,13,13,13,13,13,13,13,13,13,13,13,13,曲靖,Qujing
,,,0,0,0,0,0,0,0,0,0,0,0,0,1,1,2,1,2,2,2,2,2,2,2,2,3,3,3,3,5,5,6,6,6,6,8,8,8,8,8,8,8,8,8,8,8,8,8,8,8,8,8,8,8,8,8,8,8,8,8,8,8,8,8,8,朔州,Shuozhou
0,0,0,0,0,0,0,0,0,0,0,0,0,0,0,0,0,0,0,2,2,2,2,2,2,3,3,3,3,3,3,3,3,3,3,3,3,4,4,4,4,4,4,4,4,5,5,5,5,5,5,5,5,5,5,5,5,5,5,5,5,5,5,5,5,5,5,朝阳,Zhaoyang
,0,0,0,0,0,0,0,0,0,0,0,0,0,0,0,0,0,0,0,0,1,1,1,1,1,3,3,3,3,3,3,3,3,3,3,3,3,3,3,3,3,3,3,3,3,3,3,3,3,3,3,3,3,3,3,3,3,3,3,3,3,3,3,3,3,3,本溪,Benxi
,,,,,,,,,,,,,0,0,0,0,0,0,0,0,0,0,0,0,0,0,0,0,0,0,0,0,0,0,4,3,4,4,4,4,4,4,7,8,8,8,9,10,10,10,10,10,11,11,11,11,11,11,11,11,11,11,11,11,11,11,来宾,Laibin
,,,,,,,,,,,0,0,0,0,0,0,0,0,0,0,0,0,0,0,0,0,0,0,0,0,0,0,1,1,1,1,1,1,1,1,1,1,1,1,1,1,1,1,1,1,1,1,1,1,1,1,1,1,1,1,1,1,1,1,1,1,杨凌,Yangling
0,0,0,0,0,0,0,0,0,2,2,6,7,15,16,18,22,41,41,48,65,63,69,73,76,81,94,108,108,111,121,123,131,137,139,149,151,159,164,165,158,158,162,163,163,163,166,166,167,167,167,179,179,181,181,181,181,181,181,181,181,181,181,181,181,181,181,杭州,Hangzhou
0,0,0,0,0,0,0,0,0,0,0,0,0,0,0,0,0,1,1,1,1,1,1,1,1,1,1,1,2,2,2,2,2,2,2,2,2,2,2,2,2,2,2,2,2,2,2,2,2,2,2,2,2,2,2,2,2,2,2,2,2,2,2,2,2,2,2,松原,Songyuan
,,,,0,0,0,0,0,0,0,0,0,0,0,0,0,1,1,3,4,4,4,4,4,7,7,10,11,11,14,18,19,20,22,22,22,22,22,23,23,23,23,23,24,24,24,24,24,24,24,24,24,24,24,24,24,24,24,24,24,24,24,24,24,24,24,枣庄,Zaozhuang
0,0,0,0,0,0,0,0,0,0,0,0,0,3,0,3,3,3,3,3,6,6,7,8,8,8,8,10,11,11,11,12,12,12,12,15,15,15,16,16,17,19,19,20,20,21,21,22,22,23,23,23,24,24,24,24,24,24,24,24,24,24,24,24,24,24,24,柳州,Liuzhou
0,0,0,0,0,0,0,0,0,0,1,1,2,2,7,7,8,10,10,11,12,21,21,29,31,35,37,40,46,46,47,50,52,54,54,56,62,62,69,69,70,73,73,74,74,76,76,77,77,78,79,80,80,80,80,80,80,80,80,80,80,80,80,80,80,80,80,株洲,Zhuzhou
0,0,0,0,0,0,0,0,0,0,0,4,0,5,0,5,5,5,5,5,5,5,5,8,10,10,17,15,15,15,17,17,17,26,23,25,24,24,27,29,28,32,31,31,31,31,31,31,32,32,32,32,32,32,32,32,32,32,32,32,32,32,32,32,32,32,32,桂林,Guilin
,,,0,0,0,0,0,0,0,0,0,0,0,0,4,4,4,4,4,5,5,7,7,7,8,8,10,10,10,11,11,11,11,12,12,12,12,12,12,12,13,14,15,15,15,15,15,15,16,16,16,16,16,16,16,16,16,16,16,16,16,16,16,16,16,16,梅州,Meizhou
,,,,,,,,,,,,,,,,,0,0,0,0,0,1,1,1,1,1,1,1,1,1,1,1,1,1,1,1,1,1,1,1,1,1,1,1,1,1,1,1,1,1,1,1,1,1,1,1,1,1,1,1,1,1,1,1,1,1,梅河口,Meihekou
0,0,0,0,0,1,1,1,1,1,1,2,0,2,0,2,2,3,3,5,5,5,5,5,5,5,5,5,5,5,5,5,5,5,5,5,5,5,5,5,5,5,5,5,5,5,5,5,5,5,5,5,5,5,5,5,5,5,5,5,5,5,5,5,5,5,5,梧州,Wuzhou
,,,,,,,,,,0,0,0,0,0,0,0,0,0,0,0,0,0,1,1,1,1,1,2,4,4,4,4,4,4,4,4,4,4,4,4,4,4,4,4,4,4,4,4,4,4,4,4,4,4,4,4,4,4,4,4,4,4,4,4,4,4,楚雄彝族自治州,Chuxiongyizuzizhizhou
,,,,,,0,0,0,0,0,0,0,0,0,0,0,0,1,1,1,1,1,1,1,1,1,1,1,3,3,3,3,3,3,3,3,3,3,3,3,3,3,3,3,3,3,3,3,3,3,3,3,3,3,3,3,3,3,3,3,3,3,3,3,3,3,榆林,Yulin
0,0,0,0,0,0,0,0,0,0,0,0,0,0,0,498,662,841,1044,1243,1377,1922,2016,2602,2937,3458,4253,4990,5573,6280,7278,8186,8950,10364,11816,13474,15853,17656,19534,21349,23063,24892,26404,27420,28563,29908,30985,31974,33117,34094,35197,36465,37643,38424,39220,40032,40765,41440,41891,42354,42788,43214,43686,44068,44591,44951,45418,武汉,Wuhan
,,,,,,0,0,0,0,0,0,0,0,0,0,0,0,0,2,2,4,4,5,7,9,10,10,10,10,13,13,14,14,15,15,15,15,15,16,16,16,16,16,17,17,19,20,21,21,23,23,23,23,23,23,23,23,23,23,23,23,23,23,23,23,23,毕节,Bijie
,,,,,,,0,0,0,,,,,,,,,,,,,,,,,,,,,,,,,,,,,,,,,,,,,,,,,,,,,,,,,,,,,,,,,0,永城,Yongcheng
0,0,0,0,0,0,0,0,0,0,2,5,5,8,8,10,10,13,13,18,18,18,23,27,28,30,30,30,30,35,37,37,41,41,41,42,42,42,42,43,43,43,44,44,44,44,44,44,44,44,44,44,44,44,44,44,44,44,44,44,44,44,44,44,44,44,44,永州,Yongzhou
,,,0,0,0,0,0,0,0,0,0,0,0,0,0,0,0,0,1,1,1,1,1,1,2,5,5,10,10,10,10,13,14,17,17,20,22,22,22,22,23,23,25,25,25,25,25,25,25,25,25,25,26,26,26,26,26,26,26,26,26,26,26,26,26,26,汉中,Hanzhong
,0,0,0,0,0,0,0,0,0,0,0,0,0,0,3,3,5,6,6,8,8,9,11,13,14,15,18,20,20,20,21,21,21,22,22,22,22,22,22,22,22,23,23,24,24,24,24,24,24,24,24,24,24,24,25,25,25,25,25,25,25,25,25,25,25,25,汕头,Shantou
,,,0,0,0,0,0,0,0,0,0,0,0,0,1,1,1,1,1,1,1,1,1,1,2,2,2,2,2,2,2,2,4,4,4,5,5,5,5,5,5,5,5,5,5,5,5,5,5,5,5,5,5,5,5,5,5,5,5,5,5,5,5,5,5,5,汕尾,Shanwei
,,,,,,0,0,0,0,0,0,0,0,0,1,1,1,4,4,4,4,4,4,3,5,8,9,9,9,9,9,9,10,11,11,13,13,13,13,13,18,20,20,20,20,23,23,23,23,23,23,23,23,23,23,23,23,23,23,23,23,23,23,23,23,23,江门,Jiangmen
0,0,0,0,0,0,0,0,0,0,0,1,1,1,1,1,1,1,3,3,3,3,4,4,6,6,6,6,10,10,10,10,13,13,13,13,13,13,13,15,16,16,17,17,17,17,17,17,17,17,17,17,17,17,17,17,17,17,17,17,17,17,17,17,17,17,17,池州,Chizhou
0,0,0,0,0,0,0,0,0,0,0,0,0,0,0,2,3,5,6,7,7,7,9,12,17,12,12,12,12,12,16,18,20,20,24,23,23,24,25,25,25,25,25,25,25,25,25,25,26,26,26,26,26,26,26,27,27,27,27,28,28,28,28,28,28,28,28,沈阳,Shenyang
0,0,0,0,0,0,0,0,0,0,0,0,0,0,2,4,6,8,10,12,12,12,14,14,14,18,18,18,18,22,26,28,31,33,35,39,41,41,45,45,45,45,45,45,45,45,45,45,45,45,45,45,45,45,45,45,45,45,45,45,45,45,45,45,45,45,45,沧州,Cangzhou
0,0,0,0,0,0,0,0,0,0,0,0,0,0,0,0,0,0,0,0,0,0,0,0,0,0,0,3,4,4,4,4,4,6,5,11,8,8,8,10,13,15,17,16,17,18,22,24,24,26,27,27,27,27,27,27,27,27,27,27,27,27,27,27,27,27,27,河池,Hechi
,,,,,0,0,0,0,0,0,0,0,0,0,0,0,0,1,1,1,1,1,1,1,1,1,1,1,1,1,1,1,1,4,4,4,4,4,4,4,4,4,4,4,4,4,4,4,4,4,4,4,4,4,4,4,4,4,4,4,4,4,4,4,4,4,河源,Heyuan
0,0,0,0,0,0,0,0,0,0,0,0,0,0,0,4,4,10,11,11,13,13,13,13,13,13,13,13,14,17,17,19,21,22,23,29,30,32,32,40,41,43,45,47,47,47,47,47,47,47,47,47,47,47,47,47,47,47,47,47,47,47,47,47,47,47,47,泉州,Quanzhou
,,,,0,0,0,0,0,0,1,1,1,1,1,1,1,1,1,1,4,4,4,5,5,5,6,6,10,12,19,21,22,22,23,23,26,29,30,33,33,33,33,33,33,33,33,33,33,33,33,33,33,33,33,33,33,33,33,33,33,33,33,33,33,33,33,泰安,Taian
,,0,0,0,0,0,0,0,0,0,0,1,1,3,3,3,4,5,5,6,15,15,16,16,20,22,22,24,24,25,25,26,29,28,32,37,37,37,37,37,37,37,37,37,37,37,37,37,37,37,37,37,37,37,37,37,37,37,37,37,37,37,37,37,37,37,泰州,Taizhou
,0,0,0,0,0,0,0,0,0,0,0,0,0,0,0,2,2,2,2,2,2,2,2,3,3,3,5,6,6,6,8,10,12,17,20,20,20,20,20,20,20,20,22,22,24,24,24,24,24,24,24,24,24,24,24,24,24,24,24,24,24,24,24,24,24,24,泸州,Luzhou
0,0,0,0,0,0,0,0,0,0,0,0,0,0,0,2,2,2,2,2,4,4,8,9,11,11,12,13,14,15,16,18,20,20,24,26,26,27,30,30,30,30,30,30,30,30,30,30,30,30,30,30,30,30,30,30,30,30,30,30,30,30,30,30,30,30,30,洛阳,Luoyang
,0,0,0,0,0,0,0,0,0,0,0,0,0,3,3,3,7,7,7,7,10,11,11,11,13,16,17,17,22,22,24,24,24,25,25,25,29,29,32,36,36,38,40,40,43,44,45,46,46,46,46,46,46,46,46,46,46,46,47,47,47,47,47,47,47,47,济南,Jinan
,0,0,0,0,0,0,0,0,0,1,1,3,3,4,7,8,8,8,9,12,14,15,18,18,20,22,27,29,29,30,31,34,35,43,43,45,45,46,46,83,84,141,174,175,178,229,242,242,248,253,254,254,256,256,256,257,258,259,259,260,260,260,260,260,260,260,济宁,Jining
,,,,,,,,,,0,0,0,0,0,0,0,0,0,0,0,0,0,0,0,0,0,2,3,3,3,3,3,3,3,3,3,3,3,3,3,4,4,4,4,4,5,5,5,5,5,5,5,5,5,5,5,5,5,5,5,5,5,5,5,5,5,济源,Jiyuan
,,,,,,,,,,0,0,0,0,0,0,0,0,0,0,1,1,1,1,1,1,1,1,1,3,3,3,3,3,3,3,3,3,3,3,3,3,3,3,3,3,3,3,3,3,3,3,3,3,3,3,3,3,3,3,3,3,3,3,3,3,3,海北藏族自治州,Haibeizangzuzizhizhou
0,0,0,0,0,0,0,0,0,0,0,0,0,0,0,1,2,4,4,5,7,7,9,9,12,16,17,17,18,19,20,21,21,31,29,31,31,31,33,35,35,38,38,38,38,38,38,38,38,38,38,38,38,38,38,38,38,38,38,38,38,39,39,39,39,39,39,海口,Haikou
,,0,0,0,0,0,0,0,0,0,0,0,0,0,1,1,1,1,1,1,1,4,4,4,5,6,6,6,10,14,14,16,16,18,18,21,21,21,21,23,23,24,24,24,25,25,26,28,28,28,28,28,29,29,29,29,29,29,29,29,29,29,29,29,29,29,淄博,Zibo
,,0,0,0,0,0,0,0,0,0,0,0,0,0,0,1,4,5,5,6,6,6,8,10,10,11,13,13,14,15,15,17,20,22,22,22,22,24,24,24,25,27,27,27,27,27,27,27,27,27,27,27,27,27,27,27,27,27,27,27,27,27,27,27,27,27,淮北,Huaibei
,,0,0,0,0,0,0,0,0,0,0,0,2,2,2,3,4,4,6,6,6,6,6,8,8,8,12,12,14,14,15,18,18,18,20,21,21,21,22,23,24,24,27,27,27,27,27,27,27,27,27,27,27,27,27,27,27,27,27,27,27,27,27,27,27,27,淮南,Huainan
,,0,0,0,0,0,0,0,1,1,1,1,1,2,2,2,5,5,6,6,6,11,11,23,28,28,32,34,34,37,40,46,46,50,50,55,55,57,57,58,62,62,62,63,63,66,66,66,66,66,66,66,66,66,66,66,66,66,66,66,66,66,66,66,66,66,淮安,Huaian
2,2,2,2,2,2,2,2,0,0,0,0,0,0,0,31,39,46,56,66,82,94,104,115,131,152,163,182,199,222,226,237,249,262,262,281,281,299,308,320,332,341,350,358,361,368,373,381,387,392,395,396,399,401,401,403,403,409,410,411,413,414,414,415,415,416,416,深圳,Shenzhen
0,0,0,0,0,0,0,0,0,0,0,0,0,0,0,3,3,3,5,5,5,5,7,7,7,7,7,9,9,9,10,10,12,12,12,12,12,12,12,12,12,12,12,12,12,12,12,12,12,12,12,12,12,12,12,12,12,12,12,12,12,12,12,12,12,12,12,清远,Qingyuan
1,1,1,1,1,3,3,7,8,10,15,17,28,28,36,49,70,78,99,102,120,140,159,169,182,194,208,228,245,268,280,292,306,317,354,384,405,432,447,456,460,478,482,487,487,489,493,499,499,501,501,501,501,503,503,503,503,503,503,503,503,503,503,503,503,503,503,温州,Wenzhou
,,,0,0,0,0,0,0,0,0,0,0,0,0,0,0,0,0,0,0,0,0,1,2,3,3,4,4,4,4,7,8,9,9,9,9,9,9,10,10,12,13,13,13,13,13,13,14,14,14,14,14,14,14,14,14,14,14,14,14,14,14,15,15,15,15,渭南,Weinan
,,0,0,0,0,0,0,0,0,0,1,1,1,1,1,1,1,3,4,4,4,4,4,4,5,5,6,6,6,7,7,7,7,7,9,9,9,9,10,10,10,10,10,10,10,10,10,10,10,10,10,10,10,10,11,11,11,10,10,10,10,10,10,10,10,10,湖州,Huzhou
0,0,0,0,0,0,0,0,0,0,3,3,4,5,7,7,10,11,11,11,11,12,12,14,14,15,16,17,17,17,19,21,25,26,29,29,33,33,34,35,35,35,36,36,36,36,36,36,36,36,36,36,36,36,36,36,36,36,36,36,36,36,36,36,36,36,36,湘潭,Xiangtan
,,0,0,0,0,0,0,0,0,1,1,1,1,1,1,3,4,6,6,6,6,6,6,6,6,6,7,7,8,8,8,8,8,8,8,8,8,8,8,8,8,8,8,8,8,8,8,8,8,8,8,8,8,8,8,8,8,8,8,8,8,8,8,8,8,8,湘西土家族苗族自治州,Xiangxitujiazumiaozuzizhizhou
0,0,0,0,0,0,0,0,0,0,0,0,0,0,0,4,6,6,7,9,9,11,11,11,11,11,11,11,12,12,12,14,14,14,14,17,17,17,17,19,19,20,21,22,22,22,22,22,22,22,22,22,22,22,22,22,22,22,22,22,22,22,22,22,22,22,22,湛江,Zhanjiang
0,0,0,0,0,0,0,0,0,0,0,2,2,2,2,2,2,2,3,4,4,4,7,7,7,7,7,7,8,8,8,8,9,9,9,9,10,10,11,11,12,13,13,13,13,13,13,13,13,13,13,13,13,13,13,13,13,13,13,13,13,13,13,13,13,13,13,滁州,Chuzhou
,,,,,,0,0,0,0,0,0,,,,,,,,,,,,,,,,,,,,,,,,,,,,,,,,,,,,,,,,,,,,,,,,,,,,,,,0,滑县,Huaxian
,,0,0,0,0,0,0,0,0,0,0,0,2,3,3,4,4,4,6,6,6,8,9,9,10,10,10,11,11,11,11,11,11,12,12,12,12,12,13,14,14,14,14,15,15,15,15,15,15,15,15,15,15,15,15,15,15,15,15,15,15,15,15,15,15,15,滨州,Binzhou
,,0,0,0,0,0,0,0,0,0,0,0,0,0,1,4,5,5,5,5,6,9,9,12,12,13,14,21,22,22,22,23,23,25,27,30,30,32,33,35,35,35,35,35,35,35,35,35,35,35,35,35,35,35,35,35,35,35,35,35,35,35,35,35,35,35,漯河,Tahe
,,0,0,0,0,0,0,0,0,0,0,0,0,0,1,1,3,3,3,3,4,4,4,4,4,8,11,11,13,13,14,14,14,15,15,15,16,16,16,16,16,16,16,20,20,20,20,20,20,20,20,20,20,20,20,20,20,20,20,20,20,20,20,20,20,20,漳州,Zhangzhou
0,0,0,0,0,0,0,0,0,0,0,0,0,0,0,0,0,2,1,1,5,5,6,7,9,10,12,14,15,17,17,22,22,24,24,24,27,29,29,31,31,33,34,36,40,41,44,44,44,44,44,44,44,44,44,44,44,44,44,44,44,44,44,44,44,44,44,潍坊,Weifang
,,,0,0,0,0,0,0,0,0,0,0,0,0,0,1,2,3,3,8,8,11,12,12,18,27,40,49,57,67,78,82,91,94,97,99,107,119,122,128,142,151,159,160,168,172,176,179,180,182,182,182,183,184,184,187,187,187,187,187,187,187,188,188,188,188,潜江,Qianjiang
,,,,,,,,0,0,0,0,0,0,0,0,0,0,0,0,0,0,0,1,1,1,4,4,4,4,4,4,4,4,4,4,5,5,5,5,5,5,5,5,5,5,5,5,5,5,5,5,5,5,5,5,5,5,5,5,5,5,5,5,5,5,5,潮州,Chaozhou
,,0,0,0,0,0,0,0,0,0,0,0,0,0,1,1,1,1,1,1,1,1,1,1,1,4,4,4,4,5,6,6,6,6,6,7,7,7,7,7,8,8,8,8,8,8,8,8,8,8,8,8,8,8,8,8,8,8,8,8,8,8,8,8,8,8,澄迈,Chengmai
,,,,,,,,,,,,,,1,1,1,1,1,1,2,3,3,3,5,5,5,5,6,6,6,6,6,7,7,8,8,8,8,8,9,9,,,,,,,,,,,,,,,,,,,,,,,,,0,澳门,Aomen
,,,,,,,,,,,,,,,,,,,,,,,,,,,,,,,,,,,,,,,,,,9,10,10,10,10,10,10,10,10,10,10,10,10,10,10,10,10,10,10,10,10,10,10,10,10,澳门特别行政区,Aomentebiexingzhengqu
,,,,,0,0,0,0,0,0,0,0,0,0,0,0,0,0,1,1,1,1,2,2,4,4,7,7,7,7,7,10,10,10,10,13,13,15,16,17,17,17,17,17,17,17,17,17,17,17,17,17,17,17,17,17,17,17,17,17,17,17,17,17,17,17,濮阳,Puyang
,0,0,0,0,0,0,0,0,0,0,0,0,0,2,2,2,2,3,3,3,7,12,13,13,13,13,15,17,18,18,19,20,23,26,28,30,30,33,33,37,39,39,40,41,42,43,45,47,47,47,47,47,47,47,47,47,47,47,47,47,47,47,47,47,47,47,烟台,Yantai
,,,,0,0,0,0,0,0,0,0,0,0,0,1,1,1,1,3,3,5,5,5,7,7,7,8,9,12,15,17,24,24,28,29,31,31,31,31,31,31,31,31,31,31,31,31,31,31,31,31,31,31,31,31,31,31,31,31,31,31,31,31,31,31,31,焦作,Jiaozuo
0,0,0,0,0,0,0,0,0,0,0,0,0,0,0,0,1,1,1,1,1,1,1,1,1,1,1,1,1,2,7,7,8,8,8,9,9,9,9,9,9,13,11,11,11,13,13,13,13,13,13,14,15,15,15,15,15,15,15,15,15,15,15,15,15,15,15,牡丹江,Mudanjiang
,0,0,0,0,0,0,0,0,0,0,0,0,1,0,1,1,1,1,1,1,1,1,1,1,1,4,4,4,4,6,6,6,6,7,7,7,7,7,7,11,11,11,11,11,11,11,11,11,11,11,11,11,11,11,11,11,11,11,11,11,11,11,11,11,11,11,玉林,Yulin
,,0,0,0,0,0,0,0,0,0,0,0,0,0,2,2,2,2,3,3,3,3,3,3,3,3,3,9,9,9,9,12,12,12,12,12,12,12,13,13,13,13,13,13,13,13,13,13,13,13,13,13,13,13,13,13,13,13,13,13,13,13,13,13,13,13,玉溪,Yuxi
0,0,0,0,0,0,0,0,0,0,0,0,0,0,0,4,4,4,4,4,21,27,27,34,37,41,43,45,45,49,52,52,54,56,59,61,63,71,75,80,81,82,83,90,95,95,95,97,97,97,97,97,97,97,97,97,97,97,97,97,97,97,97,97,97,97,97,珠海,Zhuhai
,,,,0,0,0,0,0,0,0,0,0,0,0,0,1,1,1,1,1,1,1,1,1,1,1,1,1,1,1,1,1,1,1,1,1,1,1,1,1,1,1,1,1,1,1,1,1,1,1,1,1,1,1,1,1,1,1,1,1,1,1,1,1,1,1,琼中黎族苗族自治,Qiongzhonglizumiaozuzizhi
,,,,0,0,0,0,0,0,0,0,0,0,0,0,0,0,0,0,0,0,0,1,3,3,3,4,4,4,4,4,4,4,4,4,4,5,5,5,5,5,5,5,5,5,5,5,5,5,5,5,5,5,5,5,5,5,5,5,5,5,5,5,5,5,5,琼海,Qionghai
,,,,,,,,,0,0,0,0,0,0,0,0,0,0,0,1,1,2,2,4,4,4,4,4,6,6,6,8,8,8,8,8,8,8,8,8,8,8,8,8,8,8,8,8,8,8,8,8,8,8,8,8,8,8,8,8,8,8,8,8,8,8,甘南藏族自治州,Gannanzangzuzizhizhou
,,0,0,0,0,0,0,0,0,0,0,0,0,0,0,0,0,2,2,3,3,3,3,3,6,8,8,8,10,12,12,18,18,18,18,23,31,40,47,50,53,57,59,66,71,71,71,71,74,76,76,76,77,77,77,78,78,78,78,78,78,78,78,78,78,78,甘孜藏族自治州,Ganzizangzuzizhizhou
,,,,,,,,,,,,,,,,0,0,0,0,0,0,0,0,0,0,0,0,0,0,0,0,0,0,0,0,0,0,0,0,0,0,0,1,1,1,1,1,1,1,1,1,1,1,1,1,1,1,1,1,1,1,1,1,1,1,1,白城,Baicheng
,,0,0,0,0,0,0,0,0,0,0,0,0,0,0,0,0,0,0,0,0,0,1,1,1,1,1,2,3,3,3,3,3,3,3,4,4,4,4,4,4,4,4,4,4,4,4,4,4,4,4,4,4,4,4,4,4,4,4,4,4,4,4,4,4,4,白银,Baiyin
0,0,0,0,0,0,0,0,0,0,0,0,0,0,0,0,0,0,0,0,0,0,0,0,0,0,2,2,2,2,2,2,2,2,3,3,3,3,3,3,3,3,3,3,3,3,3,3,3,3,3,3,3,3,3,3,3,3,3,3,3,3,3,3,3,3,3,百色,Baise
,0,0,0,0,0,0,0,0,0,0,1,1,6,6,6,10,15,16,16,22,22,22,25,27,30,31,35,48,51,52,52,55,56,56,58,58,59,59,59,59,59,59,59,59,60,60,60,60,60,60,60,60,60,60,60,60,60,60,60,60,60,60,60,60,60,60,益阳,Yiyang
,0,0,0,0,0,0,0,0,0,0,0,0,2,3,3,3,3,3,3,6,6,6,9,10,15,17,24,20,20,20,20,24,24,24,25,25,27,27,27,27,27,27,27,27,27,27,27,27,27,27,27,27,27,27,27,27,27,27,27,27,27,27,27,27,27,27,盐城,Yancheng
,,,,,,,,,,,,,,,,,,,,,,,,,,,,,0,3,3,,,,,,,,,,,,,,,,,,,,,,,,,,,,,,,,,,,0,监狱系统,Jianyuxitong
,,,0,0,0,0,0,0,0,0,0,0,0,0,0,0,0,0,0,0,0,0,0,0,4,4,4,4,5,5,7,10,9,9,11,11,11,11,11,11,11,11,11,11,11,11,11,11,11,11,11,11,11,11,11,11,11,11,11,11,11,11,11,11,11,11,盘锦,Panjin
,,,,,,,,,,,,,,,,,,,,,,,,,,,,,0,0,0,0,0,3,3,5,5,5,5,15,15,15,27,29,31,34,36,36,36,36,36,36,36,36,36,36,36,36,36,36,36,36,36,36,36,36,省十里丰监狱,Shengshilifengjianyu
,,0,0,0,0,0,0,0,0,0,0,0,0,0,1,1,1,1,1,1,2,2,2,2,2,2,3,3,6,6,6,6,6,6,6,6,7,7,7,7,7,7,7,7,7,7,7,7,7,7,8,8,8,8,8,8,8,8,8,8,8,8,8,8,8,8,眉山,Meishan
,,,,,,,,,,,0,0,0,0,0,0,0,0,0,1,1,1,1,1,1,1,1,1,1,1,1,1,1,1,1,1,1,1,1,1,1,1,1,1,1,1,1,1,1,1,1,1,1,1,1,1,1,1,1,1,1,1,1,1,1,1,石嘴山,Shizuishan
0,0,0,0,0,0,0,0,0,0,0,0,1,2,3,3,3,3,3,3,3,4,7,7,7,11,11,13,13,15,19,21,21,22,22,24,24,27,27,27,28,28,28,29,29,29,29,29,29,29,29,29,29,29,29,29,29,29,29,29,29,29,29,29,29,29,29,石家庄,Shijiazhuang
,,,,,,,,,,,,,,0,0,0,0,0,0,0,0,0,1,1,1,1,1,1,1,1,1,1,1,1,1,2,2,2,3,3,3,3,3,3,3,3,3,3,3,3,3,3,3,3,3,3,3,3,3,3,3,3,3,3,3,3,石河子,Shihezi
,,,,0,0,0,0,0,0,0,0,0,0,0,2,2,2,6,6,7,8,8,8,8,10,10,10,10,10,10,10,10,10,10,10,10,10,11,11,11,11,11,11,11,11,11,11,11,11,11,11,11,11,11,11,11,11,11,11,11,11,11,11,11,11,11,神农架林区,Shennongjialinqu
0,0,0,0,0,0,0,0,0,0,0,0,0,0,0,7,10,11,12,12,15,17,18,20,23,26,28,33,36,47,50,53,56,61,65,67,69,70,70,70,70,70,71,71,71,71,71,71,71,71,71,71,71,71,71,71,71,71,71,71,71,71,71,71,71,71,71,福州,Fuzhou
,,,,,,,,0,0,0,0,0,0,0,0,0,0,0,0,1,2,2,3,3,3,4,4,5,6,6,6,8,8,8,9,9,9,9,9,9,9,9,9,9,9,9,9,9,9,9,9,9,9,9,9,9,9,9,9,9,9,9,9,9,9,9,秦皇岛,Qinhuangdao
,,0,0,0,0,0,0,1,1,1,0,0,0,0,1,1,2,2,2,3,3,3,3,3,3,3,3,3,4,4,4,4,5,5,7,8,8,9,9,9,9,9,9,9,9,9,9,9,9,9,9,9,9,9,9,9,9,9,9,9,9,9,9,9,9,9,红河哈尼族彝族自治州,Honghehanizuyizuzizhizhou
0,0,0,0,0,0,0,0,0,1,2,3,3,3,3,5,5,8,10,12,13,15,16,17,17,19,20,20,20,20,21,28,30,30,30,31,36,36,36,37,38,38,38,39,39,39,39,39,41,41,41,41,41,42,42,42,42,42,42,42,42,42,42,42,42,42,42,绍兴,Shaoxing
0,0,0,0,0,0,0,0,0,0,0,0,0,0,0,1,1,1,6,3,3,3,7,7,12,13,16,18,20,26,29,29,29,35,35,35,35,35,35,35,35,35,37,37,37,37,38,40,40,40,41,41,41,41,41,43,43,43,43,43,43,43,43,43,43,43,43,绥化,Suihua
0,0,0,0,0,0,0,0,0,0,0,0,0,0,0,2,3,4,4,4,4,5,5,5,6,9,9,10,10,10,12,12,12,13,14,14,15,15,16,16,16,16,18,18,18,18,18,20,20,20,22,22,22,22,22,22,22,22,22,22,22,22,22,22,22,22,22,绵阳,Mianyang
,0,0,0,0,0,0,0,0,0,0,0,0,0,0,1,1,2,2,2,3,3,3,10,11,12,17,17,21,21,22,24,25,28,30,32,33,34,38,38,38,38,38,38,38,38,38,38,38,38,38,38,38,38,38,38,38,38,38,38,38,38,38,38,38,38,38,聊城,Liaocheng
0,0,0,0,0,0,0,0,0,0,0,0,0,0,0,1,1,3,4,7,7,7,7,7,8,8,8,8,8,8,8,10,10,10,13,13,13,13,14,15,15,15,18,18,18,18,18,18,18,18,18,18,18,18,18,18,18,18,18,18,18,18,18,18,18,18,18,肇庆,Zhaoqing
,0,0,0,0,0,0,0,0,0,0,0,0,0,0,1,2,2,2,2,2,2,2,2,2,2,4,4,7,7,7,7,7,8,8,9,9,9,9,9,9,9,9,9,9,9,9,9,9,9,9,9,9,9,9,9,9,9,9,9,9,9,9,9,9,9,9,自贡,Zigong
0,0,0,0,0,0,0,1,1,1,2,2,2,3,4,5,5,5,5,5,5,5,5,5,5,5,5,5,5,5,5,5,5,5,6,6,7,7,8,10,10,10,10,10,10,10,10,10,10,10,10,10,10,10,10,10,10,10,10,10,10,10,10,10,10,10,10,舟山,Zhoushan
,0,0,0,0,0,0,0,0,0,1,1,1,2,2,3,3,3,3,4,4,5,8,10,13,13,17,17,21,26,25,27,27,27,28,30,30,31,31,32,33,33,33,33,33,34,34,34,34,34,34,34,34,34,34,34,34,34,34,34,34,34,34,34,34,34,34,芜湖,Wuhu
0,1,1,1,1,1,1,2,2,2,3,3,3,4,4,4,4,11,13,13,16,17,17,26,26,31,31,33,38,42,49,50,57,57,59,59,62,62,64,64,67,69,70,75,78,80,84,87,87,87,87,87,87,87,87,87,87,87,87,87,87,87,87,87,87,87,87,苏州,Suzhou
,,,,,0,0,0,0,0,0,0,0,0,0,1,1,1,1,1,1,2,3,3,3,3,6,6,6,6,6,6,7,7,7,9,9,9,10,10,11,11,14,14,14,14,14,14,14,14,14,14,14,14,14,14,14,14,14,14,14,14,14,14,14,14,14,茂名,Maoming
0,0,0,0,0,0,0,0,0,0,0,0,0,0,0,22,30,41,46,56,80,104,161,193,263,305,339,409,451,531,612,681,734,776,822,877,913,965,1034,1096,1144,1215,1269,1326,1350,1376,1410,1431,1442,1452,1464,1474,1483,1492,1498,1499,1502,1517,1525,1525,1525,1526,1527,1527,1527,1528,1528,荆州,Jingzhou
0,0,0,0,0,0,0,0,0,0,0,0,0,0,0,24,37,48,63,69,81,92,105,112,117,132,143,181,201,229,296,361,389,432,469,508,534,563,604,622,651,664,686,702,729,743,767,789,817,834,839,860,864,865,868,870,871,875,881,884,884,885,886,886,886,887,887,荆门,Jingmen
,,,0,0,0,0,0,0,0,0,0,0,0,0,1,1,1,2,6,8,8,10,10,10,10,17,17,19,22,24,24,30,30,31,36,36,36,39,39,41,46,46,49,56,56,56,56,56,56,56,56,56,56,56,56,56,56,56,56,56,56,56,56,56,56,56,莆田,Putian
,,0,0,0,0,0,0,0,0,0,0,1,2,2,2,3,4,5,6,7,7,9,10,11,13,14,14,13,14,14,16,17,17,17,17,17,17,17,18,18,18,18,18,18,18,18,18,18,18,18,18,18,18,18,18,18,18,18,18,18,18,18,18,18,18,18,菏泽,Heze
0,0,0,0,0,1,1,1,1,1,1,1,1,1,1,1,1,1,1,1,2,2,2,4,4,5,6,7,9,11,11,13,16,16,18,20,23,24,25,25,25,27,33,33,33,33,33,33,33,33,33,33,33,33,33,33,33,33,33,33,33,33,33,33,33,33,33,萍乡,Pingxiang
,,,0,0,0,0,0,0,0,0,0,0,0,0,0,0,0,0,1,1,1,1,1,1,1,1,1,1,1,1,1,1,1,1,1,1,1,1,1,1,1,1,1,1,1,1,1,1,1,1,1,1,1,1,1,1,1,1,1,1,1,1,1,1,1,1,营口,Yingkou
,0,0,0,0,0,0,0,0,0,0,0,0,0,0,0,0,0,0,0,0,0,0,0,0,0,0,2,2,3,3,5,5,6,6,6,6,7,7,7,8,8,8,8,9,9,9,9,9,9,9,9,9,9,11,11,11,11,11,11,11,11,11,11,11,11,11,葫芦岛,Huludao
0,0,0,0,0,0,0,0,0,0,0,0,0,0,0,1,1,1,2,2,2,3,5,7,9,13,30,40,40,56,81,101,113,113,119,127,136,141,144,146,148,155,155,155,155,155,155,155,155,155,155,155,155,155,155,155,155,155,155,155,155,155,155,155,155,155,155,蚌埠,Bengbu
,,,,0,0,0,0,0,0,0,0,0,0,0,0,0,0,2,2,2,4,4,4,4,4,6,6,6,6,7,8,8,8,8,8,8,8,8,8,8,8,8,8,8,8,8,8,8,8,8,8,8,8,8,8,8,8,8,8,8,8,8,8,8,8,8,衡水,Hengshui
,0,0,0,0,0,0,0,0,0,3,4,5,5,8,11,13,14,16,23,23,25,26,28,28,28,28,32,37,37,37,37,37,38,38,38,44,46,46,48,48,48,48,48,48,48,48,48,48,48,48,48,48,48,48,48,48,48,48,48,48,48,48,48,48,48,48,衡阳,Hengyang
0,0,0,0,0,0,0,0,0,0,0,0,0,2,2,3,3,3,5,5,5,8,8,9,9,10,10,10,10,10,10,10,10,10,11,11,11,12,12,12,12,12,12,14,14,14,14,14,14,14,14,14,14,14,14,14,14,14,14,14,14,14,14,14,14,14,14,衢州,Quzhou
,,0,0,0,0,0,0,0,0,0,0,0,0,0,29,34,40,42,54,60,66,73,85,114,151,182,230,294,343,402,463,521,593,653,701,753,802,850,885,913,940,980,1011,1040,1055,1064,1072,1094,1105,1112,1115,1125,1128,1129,1131,1131,1131,1131,1131,1134,1134,1134,1134,1135,1135,1135,襄阳,Xiangyang
,0,0,0,0,0,0,0,0,0,0,0,0,0,0,2,2,2,2,2,2,2,3,3,3,4,4,4,4,4,9,12,12,12,12,14,14,14,14,14,14,14,14,14,14,14,14,14,14,14,14,14,14,14,14,14,14,14,14,14,14,14,14,14,14,14,14,西双版纳傣族自治州,Xishuangbannadaizuzizhizhou
,,0,0,0,0,0,0,0,0,0,0,0,0,0,3,3,3,3,5,8,10,10,10,10,10,11,12,12,15,15,15,15,15,15,15,15,15,15,15,15,15,15,15,15,15,15,15,15,15,15,15,15,15,15,15,15,15,15,15,15,15,15,15,15,15,15,西宁,Xining
0,,,0,0,0,0,0,0,0,,0,0,0,5,9,10,10,12,12,12,15,21,25,25,25,40,43,43,58,71,78,84,90,92,92,92,100,101,104,104,106,108,108,108,108,108,108,110,110,110,110,110,110,113,114,114,114,114,114,114,114,115,117,117,117,117,西安,Xian
,,,0,0,0,0,0,0,0,0,0,0,0,0,0,2,2,2,2,3,3,6,7,9,11,11,16,16,19,26,26,26,32,32,33,37,37,38,38,38,38,38,38,38,38,38,38,38,38,38,38,38,38,38,38,38,38,38,38,38,38,38,38,38,38,38,许昌,Xuchang
,,,,,,,,,0,0,0,0,0,0,0,0,0,0,0,0,0,2,2,2,2,3,3,3,3,3,3,3,5,4,6,6,6,6,8,8,8,8,8,8,8,8,8,8,8,8,8,8,8,8,8,8,8,8,8,8,8,8,8,8,8,8,贵港,Guigang
0,0,0,0,0,1,1,1,1,1,,,1,1,1,1,1,1,1,3,3,4,4,4,10,15,13,13,14,17,18,19,23,23,23,27,27,27,29,28,28,28,28,28,28,28,28,29,31,32,33,34,34,35,35,35,35,35,35,35,35,35,35,35,35,35,35,贵阳,Guiyang
,,,,,,0,0,0,0,0,0,0,0,0,0,0,0,0,0,0,0,0,0,0,0,0,0,1,1,2,2,2,4,4,4,4,4,4,4,4,4,4,4,4,4,4,4,4,4,4,4,4,4,4,4,4,4,4,4,4,4,4,4,4,4,4,贺州,Hezhou
,,,0,0,0,0,0,0,0,0,0,0,0,0,0,0,1,1,1,1,2,2,2,2,2,2,2,2,2,2,2,2,2,2,2,2,2,2,2,2,2,2,2,2,2,3,3,3,4,4,4,4,4,4,4,4,4,4,4,4,4,4,4,4,4,4,资阳,Ziyang
,0,0,0,0,0,0,0,1,1,1,1,1,2,2,2,2,2,6,7,8,10,12,14,17,18,20,24,28,34,40,47,49,53,57,61,63,70,71,72,73,73,74,75,75,75,75,75,75,75,75,75,75,75,75,75,75,75,75,75,75,75,75,75,75,75,75,赣州,Ganzhou
,,,,,,,,,,,,,,,,,,0,0,0,0,0,0,0,0,0,0,0,0,0,0,0,0,0,1,1,1,1,1,1,1,1,1,1,1,1,1,1,1,1,1,1,1,1,1,1,1,1,1,1,1,1,1,1,1,1,赣江新区,Ganjiangxinqu
,,0,0,0,0,0,0,0,0,0,0,0,0,0,1,1,1,1,1,2,2,2,2,2,2,2,3,3,3,3,3,3,3,5,8,8,8,8,8,8,8,8,8,8,9,9,9,9,9,9,9,9,9,9,9,9,9,9,9,9,9,9,9,9,9,9,赤峰,Chifeng
,,,,,,,,,,,0,0,0,0,0,0,0,0,0,1,1,1,1,1,1,1,1,1,1,1,1,1,2,2,2,4,4,7,7,7,7,7,7,7,7,7,7,7,7,7,7,7,7,7,7,7,7,7,7,7,7,7,7,7,7,7,辽源,Liaoyuan
,,,,,0,0,0,0,0,0,0,0,0,0,0,0,0,0,0,1,1,1,2,2,2,3,3,3,3,3,3,3,3,3,3,3,3,3,3,3,3,3,3,3,3,3,3,3,3,3,3,3,3,3,3,3,3,3,3,3,3,3,3,3,3,3,辽阳,Liaoyang
0,0,0,0,0,0,0,0,0,0,0,0,0,0,0,4,5,5,5,5,5,5,5,5,5,6,8,11,11,11,13,13,15,15,19,20,26,26,27,27,28,31,35,39,39,39,41,42,41,41,42,42,42,42,42,42,42,42,42,42,42,42,42,42,42,42,42,达州,Dazhou
,0,0,0,0,0,0,0,0,0,1,1,1,1,1,1,4,4,4,6,8,8,10,13,13,13,14,14,16,16,16,17,17,17,18,18,18,18,18,18,18,18,18,18,18,18,18,19,19,19,19,19,19,19,19,19,19,19,19,19,19,19,19,19,19,19,19,运城,Yuncheng
0,0,0,0,0,0,0,0,1,1,1,1,1,1,2,2,2,4,4,5,5,6,10,12,12,13,14,17,18,18,22,22,24,25,27,33,35,35,37,37,41,42,42,42,43,45,47,48,48,48,48,48,48,48,48,48,48,48,48,48,48,48,48,48,48,48,48,连云港,Lianyungang
,,,,,0,0,0,0,0,0,0,0,0,0,0,0,0,0,0,0,0,0,0,0,1,1,1,1,1,1,2,2,2,2,2,3,3,3,3,3,3,3,5,5,5,5,5,5,6,5,5,6,6,6,6,6,6,6,6,6,6,6,6,6,6,6,通化,Tonghua
,,,0,0,0,0,0,0,0,0,0,0,0,0,0,0,0,0,0,0,0,0,0,0,0,0,0,0,1,1,1,1,1,2,2,2,3,4,4,4,5,5,5,7,7,7,7,7,7,7,7,7,7,7,7,7,7,7,7,7,7,7,7,7,7,7,通辽,Tongliao
0,0,0,0,0,0,0,0,0,0,0,0,0,0,0,2,2,2,2,2,4,4,4,4,4,9,9,10,10,10,10,10,10,10,13,15,15,15,15,15,15,15,15,15,15,15,15,17,17,17,17,17,17,17,17,17,17,17,17,17,17,17,17,17,17,17,17,遂宁,Suining
,,,,,,0,0,0,0,0,0,0,0,0,0,1,1,1,1,1,1,1,5,5,10,12,15,17,17,18,18,18,18,18,19,21,19,19,19,19,19,19,19,21,21,24,28,29,31,31,32,32,32,32,32,32,32,32,32,32,32,32,32,32,32,32,遵义,Zunyi
,,,,,,,,,0,,,,,,,,,,,,,,,,,,,,,,,,,,,,,,,,,,,,,,,,,,,,,,,,,,,,,,,,,0,邓州,Dengzhou
,,,0,0,0,0,0,0,0,0,0,0,0,0,1,4,4,4,5,5,8,8,10,10,10,10,10,13,15,18,19,19,20,22,22,22,22,22,22,22,22,22,22,22,22,22,22,22,22,22,22,22,22,22,22,22,22,22,22,22,22,22,22,22,22,22,邢台,Xingtai
,,0,0,0,0,0,0,0,0,0,0,0,0,2,2,2,2,3,3,5,7,9,9,10,10,12,13,17,19,22,26,27,28,29,30,30,31,31,31,31,31,31,31,32,32,32,32,32,32,32,32,32,32,32,32,32,32,32,32,32,32,32,32,32,32,32,邯郸,Handan
,0,0,0,0,0,0,0,0,0,1,1,2,3,9,12,18,21,22,25,33,41,41,59,64,67,70,71,77,81,86,88,88,90,90,92,95,95,99,99,100,100,100,100,100,100,100,100,100,100,100,101,101,101,101,101,101,101,101,101,101,101,101,101,101,101,101,邵阳,Shaoyang
0,0,0,0,0,0,0,0,0,0,0,0,0,0,0,23,28,33,36,39,44,51,62,61,66,74,74,76,88,98,98,98,98,118,123,126,130,134,141,146,148,150,157,152,152,152,152,152,152,152,152,152,152,152,152,152,152,152,152,152,152,152,152,152,152,152,152,郑州,Zhengzhou
0,0,0,0,0,0,0,1,1,1,1,1,1,2,4,6,8,8,13,13,15,15,22,22,22,26,27,29,29,30,31,31,31,31,33,34,34,35,35,35,36,36,37,38,39,39,39,39,39,39,39,39,39,39,39,39,39,39,39,39,39,39,39,39,39,39,39,郴州,Chenzhou
,,0,0,0,0,0,0,0,0,0,0,0,2,0,2,2,2,2,2,2,2,2,3,3,3,3,3,5,6,7,7,9,9,9,9,9,10,10,10,10,10,11,11,11,11,11,11,11,11,11,11,11,11,11,11,11,11,11,11,11,11,11,11,11,11,11,鄂尔多斯,Eerduosi
,0,0,0,0,0,0,0,0,0,0,0,0,0,0,9,33,42,48,61,72,96,116,199,222,244,265,301,350,375,386,417,470,502,543,613,685,747,784,814,840,880,918,930,956,988,1030,1079,1127,1176,1184,1212,1272,1275,1285,1290,1298,1303,1315,1319,1326,1327,1328,1330,1332,1332,1332,鄂州,Ezhou
0,0,0,0,0,0,1,1,1,3,7,9,14,15,24,31,39,51,66,79,102,128,152,184,207,225,254,274,299,316,328,335,349,372,384,401,422,438,450,469,490,502,512,520,526,527,542,547,554,564,566,569,570,570,570,570,570,570,570,570,570,570,570,570,570,570,570,重庆,Chongqing
0,0,0,0,0,0,0,0,3,3,6,6,6,8,9,9,13,15,16,19,23,23,24,24,24,25,30,30,33,36,39,39,39,39,43,50,50,51,51,54,54,54,54,54,54,54,54,55,55,55,55,55,55,55,55,55,55,55,55,55,55,55,55,55,55,55,55,金华,Jinhua
,,,,0,0,0,0,0,0,0,0,0,0,0,0,0,1,1,1,1,1,1,1,1,1,1,1,1,1,1,1,1,1,1,1,1,1,1,1,1,1,1,1,1,1,1,1,1,1,1,1,1,1,1,1,1,1,1,1,1,1,1,1,1,1,1,金昌,Jinchang
,,,,,,0,0,0,0,0,0,0,0,0,0,0,0,0,0,0,0,0,1,1,1,1,1,1,6,6,6,7,7,7,7,7,7,7,7,8,8,8,8,8,8,8,8,8,8,8,8,8,8,8,8,8,8,8,8,8,8,8,8,8,8,8,钦州,Qinzhou
,0,0,0,0,0,0,0,0,0,0,0,0,0,0,0,0,0,0,1,1,1,1,1,1,2,2,2,2,2,2,3,5,5,5,5,5,5,6,6,6,6,6,6,6,6,6,6,6,6,7,7,7,7,7,7,7,7,7,7,7,7,7,7,7,7,7,铁岭,Tieling
0,0,0,0,0,0,0,0,1,1,1,1,1,2,2,2,2,2,5,5,5,5,6,7,7,9,9,9,9,10,10,10,10,10,10,10,10,10,10,10,10,10,10,10,10,10,10,10,10,10,10,10,10,10,10,10,10,10,10,10,10,10,10,10,10,10,10,铜仁,Tongren
,,,0,0,0,0,0,0,0,0,0,0,0,1,3,4,4,4,4,4,4,4,4,4,4,4,6,6,6,6,6,6,6,6,6,6,6,6,7,7,7,7,7,7,7,7,7,8,8,8,8,8,8,8,8,8,8,8,8,8,8,8,8,8,8,8,铜川,Tongchuan
,0,0,0,0,0,0,0,0,0,0,1,1,1,2,5,7,7,7,7,9,10,10,10,10,11,12,13,12,13,13,15,18,22,22,26,28,29,29,29,29,29,29,29,29,29,29,29,29,29,29,29,29,29,29,29,29,29,29,29,29,29,29,29,29,29,29,铜陵,Tongling
0,0,0,0,0,0,0,0,0,0,0,0,0,1,1,3,3,5,6,6,12,12,12,20,20,22,25,25,27,31,31,32,32,32,33,32,32,32,32,32,32,32,32,34,34,34,34,34,34,34,34,35,35,36,36,36,36,36,36,36,36,36,36,36,36,36,36,银川,Yinchuan
,0,0,0,0,0,0,0,0,0,0,0,0,1,0,1,1,1,1,1,1,1,1,1,1,1,1,1,1,1,1,2,2,2,2,2,2,2,3,3,8,8,8,8,8,9,9,9,9,9,9,9,9,9,9,9,9,9,9,9,9,9,9,9,9,9,9,锡林郭勒,Xilinguolei
,,,,,0,0,0,0,0,0,0,0,0,0,1,1,1,1,1,1,1,6,6,6,6,6,6,6,7,7,9,9,9,11,11,11,11,11,11,12,12,12,12,12,12,12,12,12,12,12,12,12,12,12,12,12,12,12,12,12,12,12,12,12,12,12,锦州,Jinzhou
,,,0,0,0,0,0,0,0,0,0,0,0,0,1,1,1,1,2,2,2,2,4,4,4,5,6,8,8,9,10,10,10,10,10,10,10,11,11,11,11,11,11,11,12,12,12,12,12,12,12,12,12,12,12,12,12,12,12,12,12,12,12,12,12,12,镇江,Zhenjiang
,,,,,,0,0,0,0,0,0,,,,,,,,,,,,,,,,,,,,,,,,,,,,,,,,,,,,,,,,,,,,,,,,,,,,,,,0,长垣,Zhangyuan
0,0,0,0,0,0,0,1,1,1,1,1,1,1,1,1,1,6,6,11,11,13,13,14,16,19,19,19,21,22,26,27,32,33,33,35,37,39,39,40,40,43,44,44,44,44,45,45,45,45,45,45,45,45,45,45,45,45,45,45,45,45,45,45,45,45,45,长春,Changchun
0,0,0,0,0,0,0,1,1,1,2,2,6,8,10,18,27,33,39,48,56,63,66,73,89,92,92,98,125,125,130,141,143,152,159,164,172,174,178,185,186,192,201,207,209,213,216,224,229,232,236,240,240,240,240,240,240,240,240,240,240,240,240,240,240,240,240,长沙,Changsha
,0,0,0,0,0,0,0,0,0,0,0,0,0,0,0,0,0,0,0,0,0,0,0,1,1,1,1,1,2,3,3,3,5,5,7,7,7,7,8,8,8,8,8,8,8,8,8,8,8,8,8,8,8,8,8,8,8,8,8,8,8,8,8,8,8,8,长治,Zhangzhi
,,,,,,,,0,0,0,0,0,0,0,0,0,0,0,0,0,0,0,0,0,3,6,6,6,6,6,6,8,8,8,8,8,8,8,8,8,8,8,8,8,8,8,8,8,8,8,8,8,8,8,8,8,8,8,8,8,8,8,8,8,8,8,阜新,Fuxin
0,0,0,0,0,0,0,0,0,0,0,0,3,3,7,9,11,13,13,17,17,23,28,32,37,41,47,64,79,90,99,102,104,109,112,112,128,128,134,145,145,155,155,155,155,155,155,155,155,155,155,155,155,155,155,155,155,155,155,155,155,155,155,155,155,155,155,阜阳,Fuyang
,0,0,0,0,1,1,1,1,1,1,1,0,1,0,1,1,1,1,1,1,1,1,1,1,1,1,6,6,6,6,6,6,10,8,8,8,10,10,10,10,12,12,12,12,13,15,16,16,16,17,17,17,19,19,19,19,19,19,19,19,19,19,19,19,19,19,防城港,Fangchenggang
0,0,0,0,0,0,0,0,0,0,0,0,0,0,0,1,1,1,1,1,5,5,5,7,7,9,9,9,10,10,10,10,10,10,10,10,10,11,11,11,11,11,13,14,14,14,14,14,14,14,14,14,14,14,14,14,14,14,14,14,14,14,14,14,14,14,14,阳江,Yangjiang
,,0,0,0,0,0,0,0,0,0,0,0,0,0,0,0,0,0,0,0,0,0,0,0,1,1,1,2,2,2,3,4,4,4,4,4,4,4,4,4,4,4,4,4,4,4,4,4,4,4,4,4,4,4,4,4,4,4,4,4,4,4,4,4,4,4,阳泉,Yangquan
,,,,,,,0,0,0,0,0,0,0,0,0,0,0,0,0,0,1,1,1,1,1,1,1,1,1,1,1,1,1,1,1,1,1,1,1,1,1,1,1,1,1,1,1,1,1,1,1,1,1,1,1,1,1,1,1,1,1,1,1,1,1,1,阿克苏,Akesu
,,,,,,,0,0,0,0,0,0,0,0,0,0,0,0,0,0,0,0,0,0,1,1,1,1,1,1,1,1,1,1,1,1,1,1,1,1,1,1,1,1,1,1,1,1,1,1,1,1,1,1,1,1,1,1,1,1,1,1,1,1,1,1,阿坝藏族羌族自治州,Abazangzuqiangzuzizhizhou
,,,0,0,0,0,0,0,0,0,0,0,0,0,0,0,0,0,0,0,0,3,3,3,3,4,4,4,4,4,4,4,4,4,4,4,4,4,4,4,4,4,4,4,4,4,4,4,4,4,4,4,4,4,4,4,4,4,4,4,4,4,4,4,4,4,陇南,Longnan
,,0,0,0,0,0,0,0,0,0,0,0,0,0,0,0,0,0,0,0,0,0,0,0,0,1,1,1,1,1,3,3,3,4,4,4,4,4,4,4,4,4,4,4,4,4,4,4,4,4,4,4,4,4,4,4,4,4,4,4,4,4,4,4,4,4,陵水黎族自治,Lingshuilizuzizhi
,0,0,0,0,0,0,0,0,0,0,0,0,0,0,9,23,23,23,26,53,62,72,96,113,140,198,254,309,386,443,498,551,601,652,693,740,797,835,865,893,937,975,1010,1048,1077,1104,1126,1151,1167,1181,1192,1213,1221,1221,1222,1226,1236,1242,1252,1253,1258,1260,1262,1262,1262,1262,随州,Suizhou
0,0,0,0,0,0,0,0,0,0,0,0,0,0,0,0,1,1,2,2,2,2,2,2,2,2,2,2,3,4,4,4,4,6,6,6,6,6,6,6,6,6,6,6,6,6,6,6,6,7,7,7,7,7,7,7,7,7,7,7,7,7,7,7,7,7,7,雅安,Yaan
0,0,0,0,0,0,1,1,1,1,1,1,3,3,4,5,7,8,10,12,13,14,17,21,27,26,27,29,31,35,34,34,38,38,39,44,45,48,52,58,58,58,58,58,58,58,58,58,58,59,59,59,59,59,59,59,59,59,59,59,60,60,60,60,60,60,60,青岛,Qingdao
,,,,,,,,0,,0,0,0,0,0,0,0,0,0,0,0,0,0,0,0,0,0,0,0,0,0,0,0,0,0,1,1,1,2,2,3,3,3,3,3,4,4,4,4,4,4,4,4,4,4,4,4,4,4,4,4,4,4,4,4,4,4,鞍山,Anshan
,,,,,,0,0,0,0,0,0,0,0,0,0,0,0,0,0,0,0,0,1,1,1,1,1,1,1,1,1,1,1,1,1,1,1,1,1,1,1,1,1,1,1,1,1,1,1,1,1,1,1,1,1,1,1,1,1,1,1,1,1,1,1,1,韩城,Hancheng
0,0,0,0,0,0,0,0,0,0,0,0,0,0,0,1,2,2,3,3,3,3,3,4,4,4,5,5,5,6,6,6,6,7,7,7,9,9,9,9,9,9,9,9,9,9,9,9,9,9,9,9,9,9,9,9,9,9,9,9,9,9,9,9,9,9,9,韶关,Shaoguan
,,,,,,,,,,,,,,0,0,0,0,0,0,1,1,1,1,1,2,2,4,5,5,10,12,19,19,24,26,30,30,36,36,36,37,,,,,,,,,,,,,,,,,,,,,,,,,0,香港,Xianggang
,,,,,,,,,,,,,,,,,,,,,,,,,,,,,,,,,,,,,,,,,,46,46,51,58,59,60,65,67,75,78,81,84,88,92,95,98,98,100,100,102,102,110,111,112,118,香港特别行政区,Xianggangtebiexingzhengqu
,0,0,0,0,0,0,0,0,0,0,0,0,0,0,0,2,2,2,4,6,8,9,10,10,12,14,15,15,17,19,19,20,21,25,25,30,33,33,34,35,35,36,38,38,38,38,38,38,38,38,38,38,38,38,38,38,38,38,38,38,38,38,38,38,38,38,马鞍山,Maanshan
,0,0,0,0,0,0,0,0,0,0,0,0,0,0,3,5,14,14,26,31,42,50,59,65,74,79,82,93,99,106,116,121,124,126,128,135,139,139,139,139,139,139,139,139,139,139,139,139,139,139,139,139,139,139,139,139,139,139,139,139,139,139,139,139,139,139,驻马店,Zhumadian
,,,,,0,0,0,0,0,0,0,0,0,0,0,0,0,1,1,1,1,1,1,1,2,2,3,3,3,5,18,20,20,22,28,30,32,32,35,38,40,40,41,41,41,43,43,43,45,45,46,46,46,46,46,46,46,46,46,46,46,46,46,46,46,46,鸡西,Jixi
,,,0,0,0,0,0,0,0,0,0,0,0,0,0,0,0,3,3,4,4,4,4,5,5,5,7,8,8,9,11,11,13,15,15,17,18,18,18,19,19,19,19,19,19,19,19,19,19,19,19,19,19,19,19,19,19,19,19,19,19,19,19,19,19,19,鹤壁,Hebi
,,,,,,0,0,0,0,0,0,0,0,0,0,0,1,1,1,1,1,2,2,2,2,2,2,2,2,2,4,4,4,4,4,4,4,4,4,4,4,4,4,4,4,4,4,4,4,4,4,5,5,5,5,5,5,5,5,5,5,5,5,5,5,5,鹤岗,Hegang
,,,,0,0,0,0,0,0,0,0,0,0,0,0,0,1,1,1,1,2,2,3,3,3,3,3,4,4,4,8,6,10,10,11,12,12,12,15,15,18,18,18,18,18,18,18,18,18,18,18,18,18,18,18,18,18,18,18,18,18,18,18,18,18,18,鹰潭,Yingtan
0,0,0,0,0,0,0,0,0,0,0,0,0,0,0,68,105,137,189,279,338,427,504,611,716,838,941,1059,1149,1274,1408,1540,1659,1780,1852,1952,2041,2119,2171,2260,2343,2406,2472,2527,2582,2632,2641,2660,2684,2708,2722,2730,2738,2750,2765,2782,2782,2782,2782,2782,2782,2782,2782,2782,2782,2782,2782,黄冈,Huanggang
,,0,0,0,0,0,0,0,0,0,0,0,0,0,1,1,1,1,1,1,1,1,1,1,1,3,6,6,6,6,6,6,6,6,6,6,7,7,7,8,9,9,9,9,9,9,9,9,9,9,9,9,9,9,9,9,9,9,9,9,9,9,9,9,9,9,黄山,Huangshan
,,0,0,0,0,0,0,0,0,0,0,0,0,0,39,48,61,67,82,101,113,137,178,192,207,254,284,331,355,428,452,491,568,602,624,658,688,697,729,752,783,826,859,883,884,897,910,919,921,940,943,948,950,961,963,964,967,972,973,973,973,974,975,976,976,976,黄石,Huangshi
,,,,,,,,,0,0,0,0,0,0,0,0,0,0,0,0,0,0,0,0,0,0,0,3,4,9,9,9,9,9,9,9,10,11,11,11,11,11,11,13,13,13,13,13,13,13,13,13,13,13,13,13,13,13,13,13,14,14,14,14,14,14,黑河,Heihe
,,,,,,0,0,0,0,0,0,0,0,0,0,0,0,0,1,2,2,2,3,3,5,4,4,4,5,8,8,10,10,10,10,10,10,10,10,10,10,10,10,10,10,10,10,10,10,10,10,10,10,10,10,10,10,10,10,10,10,10,10,10,10,10,黔东南苗族侗族自治州,Qiandongnanmiaozudongzuzizhizhou
0,0,0,0,0,0,0,0,0,0,0,0,3,3,3,3,3,3,3,3,3,5,5,5,6,6,7,7,7,7,12,13,13,13,13,15,15,15,15,15,15,15,15,15,15,15,16,16,16,17,17,17,17,17,17,17,17,17,17,17,17,17,17,17,17,17,17,黔南布依族苗族自治州,Qiannanbuyizumiaozuzizhizhou
,,0,0,0,0,0,0,0,0,0,0,,0,0,0,0,0,0,1,1,3,3,4,4,4,4,4,4,4,4,4,4,4,4,4,4,4,4,4,4,4,4,4,4,4,4,4,4,4,4,4,4,4,4,4,4,4,4,4,4,4,4,4,4,4,4,黔西南布依族苗族自治州,Qianxinanbuyizumiaozuzizhizhou
,,0,0,0,0,0,0,0,0,0,0,0,0,0,0,0,0,0,1,4,4,8,8,8,10,10,10,11,16,22,23,26,26,26,28,33,33,33,33,35,36,36,36,36,36,38,40,40,40,40,40,40,40,40,40,41,41,41,41,41,41,41,42,42,42,42,齐齐哈尔,Qiqihaer
,,,,,0,0,0,0,0,0,0,0,0,0,0,0,1,1,1,1,1,1,1,1,1,1,1,1,1,1,4,4,5,6,6,6,6,6,6,6,6,6,6,6,6,6,6,6,6,6,6,6,6,6,6,6,6,6,6,6,6,6,6,6,6,6,龙岩,Longyan
